#
# There is insufficient memory for the Java Runtime Environment to continue.
# Native memory allocation (mmap) failed to map 65536 bytes for Failed to commit metaspace.
# Possible reasons:
#   The system is out of physical RAM or swap space
#   The process is running with CompressedOops enabled, and the Java Heap may be blocking the growth of the native heap
# Possible solutions:
#   Reduce memory load on the system
#   Increase physical memory or swap space
#   Check if swap backing store is full
#   Decrease Java heap size (-Xmx/-Xms)
#   Decrease number of Java threads
#   Decrease Java thread stack sizes (-Xss)
#   Set larger code cache with -XX:ReservedCodeCacheSize=
#   JVM is running with Unscaled Compressed Oops mode in which the Java heap is
#     placed in the first 4GB address space. The Java Heap base address is the
#     maximum limit for the native heap growth. Please use -XX:HeapBaseMinAddress
#     to set the Java Heap base and to place the Java Heap above 4GB virtual address.
# This output file may be truncated or incomplete.
#
#  Out of Memory Error (virtualSpaceNode.cpp:112), pid=14184, tid=8676
#
# JRE version: Java(TM) SE Runtime Environment (21.0.11+9) (build 21.0.11+9-LTS-211)
# Java VM: Java HotSpot(TM) 64-Bit Server VM (21.0.11+9-LTS-211, mixed mode, emulated-client, sharing, tiered, compressed oops, compressed class ptrs, g1 gc, windows-amd64)
# No core dump will be written. Minidumps are not enabled by default on client versions of Windows
#

---------------  S U M M A R Y ------------

Command Line: -XX:TieredStopAtLevel=1 -Dspring.output.ansi.enabled=always -Dcom.sun.management.jmxremote -Dspring.jmx.enabled=true -Dspring.liveBeansView.mbeanDomain -Dspring.application.admin.enabled=true -Dmanagement.endpoints.jmx.exposure.include=* -javaagent:C:\Program Files\JetBrains\IntelliJ IDEA 2025.2.6.2\lib\idea_rt.jar=58686 -Dfile.encoding=UTF-8 -Dsun.stdout.encoding=UTF-8 -Dsun.stderr.encoding=UTF-8 devpilot.backend.BackendApplication

Host: Intel(R) Core(TM) i5-10300H CPU @ 2.50GHz, 8 cores, 7G,  Windows 11 , 64 bit Build 26100 (10.0.26100.9444)
Time: Wed Sep 23 13:28:53 2026 India Standard Time elapsed time: 24.190173 seconds (0d 0h 0m 24s)

---------------  T H R E A D  ---------------

Current thread (0x000001a1f5adb080):  JavaThread "http-nio-8080-exec-3" daemon [_thread_in_vm, id=8676, stack(0x00000069fbe00000,0x00000069fbf00000) (1024K)]

Stack: [0x00000069fbe00000,0x00000069fbf00000]
Native frames: (J=compiled Java code, j=interpreted, Vv=VM code, C=native code)
V  [jvm.dll+0x6d0ef9]
V  [jvm.dll+0x860126]
V  [jvm.dll+0x86261e]
V  [jvm.dll+0x862cf3]
V  [jvm.dll+0x282bc6]
V  [jvm.dll+0x85beae]
V  [jvm.dll+0x674de4]
V  [jvm.dll+0x1e7dc8]
V  [jvm.dll+0x1e7b8e]
V  [jvm.dll+0x67770f]
V  [jvm.dll+0x677542]
V  [jvm.dll+0x6757be]
V  [jvm.dll+0x26d110]
V  [jvm.dll+0x67f9d5]
V  [jvm.dll+0x218dee]
V  [jvm.dll+0x219295]
V  [jvm.dll+0x219c9b]
V  [jvm.dll+0x20edae]
V  [jvm.dll+0x5b2c4f]
V  [jvm.dll+0x7da0f6]
V  [jvm.dll+0x475ba8]
V  [jvm.dll+0x47b7f8]
C  [java.dll+0x1818]

Java frames: (J=compiled Java code, j=interpreted, Vv=VM code)
J 1295  java.lang.ClassLoader.defineClass1(Ljava/lang/ClassLoader;Ljava/lang/String;[BIILjava/security/ProtectionDomain;Ljava/lang/String;)Ljava/lang/Class; java.base@21.0.11 (0 bytes) @ 0x000001a1a4a50a11 [0x000001a1a4a50940+0x00000000000000d1]
J 1525 c1 java.lang.ClassLoader.defineClass(Ljava/lang/String;[BIILjava/security/ProtectionDomain;)Ljava/lang/Class; java.base@21.0.11 (43 bytes) @ 0x000001a1a4ab9a7c [0x000001a1a4ab9960+0x000000000000011c]
J 1421 c1 jdk.internal.loader.BuiltinClassLoader.defineClass(Ljava/lang/String;Ljdk/internal/loader/Resource;)Ljava/lang/Class; java.base@21.0.11 (121 bytes) @ 0x000001a1a4a90414 [0x000001a1a4a8fec0+0x0000000000000554]
J 1418 c1 jdk.internal.loader.BuiltinClassLoader.findClassOnClassPathOrNull(Ljava/lang/String;)Ljava/lang/Class; java.base@21.0.11 (64 bytes) @ 0x000001a1a4a8e834 [0x000001a1a4a8e560+0x00000000000002d4]
J 1255 c1 jdk.internal.loader.BuiltinClassLoader.loadClassOrNull(Ljava/lang/String;Z)Ljava/lang/Class; java.base@21.0.11 (143 bytes) @ 0x000001a1a4a3f7fc [0x000001a1a4a3f400+0x00000000000003fc]
J 1305 c1 jdk.internal.loader.ClassLoaders$AppClassLoader.loadClass(Ljava/lang/String;Z)Ljava/lang/Class; java.base@21.0.11 (40 bytes) @ 0x000001a1a4a53d8c [0x000001a1a4a53d40+0x000000000000004c]
J 1304 c1 java.lang.ClassLoader.loadClass(Ljava/lang/String;)Ljava/lang/Class; java.base@21.0.11 (7 bytes) @ 0x000001a1a4a53294 [0x000001a1a4a53240+0x0000000000000054]
v  ~StubRoutines::call_stub 0x000001a1a463100d
j  org.hibernate.internal.AbstractSharedSessionContract.getJdbcConnectionAccess()Lorg/hibernate/engine/jdbc/connections/spi/JdbcConnectionAccess;+20
j  org.hibernate.internal.SessionImpl.getJdbcConnectionAccess()Lorg/hibernate/engine/jdbc/connections/spi/JdbcConnectionAccess;+1
j  org.hibernate.resource.jdbc.internal.LogicalConnectionManagedImpl.getJdbcConnectionAccess()Lorg/hibernate/engine/jdbc/connections/spi/JdbcConnectionAccess;+4
j  org.hibernate.resource.jdbc.internal.LogicalConnectionManagedImpl.acquire()Ljava/sql/Connection;+15
j  org.hibernate.resource.jdbc.internal.LogicalConnectionManagedImpl.acquireConnectionIfNeeded()Ljava/sql/Connection;+9
j  org.hibernate.resource.jdbc.internal.LogicalConnectionManagedImpl.getPhysicalConnection()Ljava/sql/Connection;+5
j  org.hibernate.resource.jdbc.internal.LogicalConnectionManagedImpl.getConnectionForTransactionManagement()Ljava/sql/Connection;+1
j  org.hibernate.resource.jdbc.internal.LogicalConnectionManagedImpl.begin()V+9
j  org.hibernate.resource.transaction.backend.jdbc.internal.JdbcResourceLocalTransactionCoordinatorImpl$TransactionDriverControlImpl.begin()V+4
j  org.hibernate.engine.transaction.internal.TransactionImpl.begin()V+105
j  org.springframework.orm.jpa.vendor.HibernateJpaDialect.beginTransaction(Ljakarta/persistence/EntityManager;Lorg/springframework/transaction/TransactionDefinition;)Ljava/lang/Object;+161
j  org.springframework.orm.jpa.JpaTransactionManager.doBegin(Ljava/lang/Object;Lorg/springframework/transaction/TransactionDefinition;)V+136
j  org.springframework.transaction.support.AbstractPlatformTransactionManager.startTransaction(Lorg/springframework/transaction/TransactionDefinition;Ljava/lang/Object;ZZLorg/springframework/transaction/support/AbstractPlatformTransactionManager$SuspendedResourcesHolder;)Lorg/springframework/transaction/TransactionStatus;+50
j  org.springframework.transaction.support.AbstractPlatformTransactionManager.getTransaction(Lorg/springframework/transaction/TransactionDefinition;)Lorg/springframework/transaction/TransactionStatus;+165
j  org.springframework.transaction.interceptor.TransactionAspectSupport.createTransactionIfNecessary(Lorg/springframework/transaction/PlatformTransactionManager;Lorg/springframework/transaction/interceptor/TransactionAttribute;Ljava/lang/String;)Lorg/springframework/transaction/interceptor/TransactionAspectSupport$TransactionInfo;+37
j  org.springframework.transaction.interceptor.TransactionAspectSupport.invokeWithinTransaction(Ljava/lang/reflect/Method;Ljava/lang/Class;Lorg/springframework/transaction/interceptor/TransactionAspectSupport$InvocationCallback;)Ljava/lang/Object;+187
j  org.springframework.transaction.interceptor.TransactionInterceptor.invoke(Lorg/aopalliance/intercept/MethodInvocation;)Ljava/lang/Object;+40
j  org.springframework.aop.framework.ReflectiveMethodInvocation.proceed()Ljava/lang/Object;+120
j  org.springframework.aop.framework.CglibAopProxy$DynamicAdvisedInterceptor.intercept(Ljava/lang/Object;Ljava/lang/reflect/Method;[Ljava/lang/Object;Lorg/springframework/cglib/proxy/MethodProxy;)Ljava/lang/Object;+120
j  devpilot.backend.services.UserService$$SpringCGLIB$$0.upsertFromGitHub(Ljava/util/Map;Ljava/lang/String;Ljava/lang/String;)Ldevpilot/backend/entity/User;+44
j  devpilot.backend.security.GitHubOAuth2UserService.loadUser(Lorg/springframework/security/oauth2/client/userinfo/OAuth2UserRequest;)Lorg/springframework/security/oauth2/core/user/OAuth2User;+59
j  org.springframework.security.oauth2.client.authentication.OAuth2LoginAuthenticationProvider.authenticate(Lorg/springframework/security/core/Authentication;)Lorg/springframework/security/core/Authentication;+120
j  org.springframework.security.authentication.ProviderManager.authenticate(Lorg/springframework/security/core/Authentication;)Lorg/springframework/security/core/Authentication;+129
j  org.springframework.security.oauth2.client.web.OAuth2LoginAuthenticationFilter.attemptAuthentication(Ljakarta/servlet/http/HttpServletRequest;Ljakarta/servlet/http/HttpServletResponse;)Lorg/springframework/security/core/Authentication;+232
j  org.springframework.security.web.authentication.AbstractAuthenticationProcessingFilter.doFilter(Ljakarta/servlet/http/HttpServletRequest;Ljakarta/servlet/http/HttpServletResponse;Ljakarta/servlet/FilterChain;)V+21
j  org.springframework.security.web.authentication.AbstractAuthenticationProcessingFilter.doFilter(Ljakarta/servlet/ServletRequest;Ljakarta/servlet/ServletResponse;Ljakarta/servlet/FilterChain;)V+10
j  org.springframework.security.web.FilterChainProxy$VirtualFilterChain.doFilter(Ljakarta/servlet/ServletRequest;Ljakarta/servlet/ServletResponse;)V+107
j  org.springframework.security.oauth2.client.web.OAuth2AuthorizationRequestRedirectFilter.doFilterInternal(Ljakarta/servlet/http/HttpServletRequest;Ljakarta/servlet/http/HttpServletResponse;Ljakarta/servlet/FilterChain;)V+59
j  org.springframework.web.filter.OncePerRequestFilter.doFilter(Ljakarta/servlet/ServletRequest;Ljakarta/servlet/ServletResponse;Ljakarta/servlet/FilterChain;)V+150
j  org.springframework.security.web.FilterChainProxy$VirtualFilterChain.doFilter(Ljakarta/servlet/ServletRequest;Ljakarta/servlet/ServletResponse;)V+107
j  org.springframework.security.web.authentication.logout.LogoutFilter.doFilter(Ljakarta/servlet/http/HttpServletRequest;Ljakarta/servlet/http/HttpServletResponse;Ljakarta/servlet/FilterChain;)V+83
j  org.springframework.security.web.authentication.logout.LogoutFilter.doFilter(Ljakarta/servlet/ServletRequest;Ljakarta/servlet/ServletResponse;Ljakarta/servlet/FilterChain;)V+10
j  org.springframework.security.web.FilterChainProxy$VirtualFilterChain.doFilter(Ljakarta/servlet/ServletRequest;Ljakarta/servlet/ServletResponse;)V+107
j  org.springframework.web.filter.CorsFilter.doFilterInternal(Ljakarta/servlet/http/HttpServletRequest;Ljakarta/servlet/http/HttpServletResponse;Ljakarta/servlet/FilterChain;)V+43
j  org.springframework.web.filter.OncePerRequestFilter.doFilter(Ljakarta/servlet/ServletRequest;Ljakarta/servlet/ServletResponse;Ljakarta/servlet/FilterChain;)V+150
j  org.springframework.security.web.FilterChainProxy$VirtualFilterChain.doFilter(Ljakarta/servlet/ServletRequest;Ljakarta/servlet/ServletResponse;)V+107
j  org.springframework.security.web.header.HeaderWriterFilter.doHeadersAfter(Ljakarta/servlet/http/HttpServletRequest;Ljakarta/servlet/http/HttpServletResponse;Ljakarta/servlet/FilterChain;)V+29
j  org.springframework.security.web.header.HeaderWriterFilter.doFilterInternal(Ljakarta/servlet/http/HttpServletRequest;Ljakarta/servlet/http/HttpServletResponse;Ljakarta/servlet/FilterChain;)V+21
j  org.springframework.web.filter.OncePerRequestFilter.doFilter(Ljakarta/servlet/ServletRequest;Ljakarta/servlet/ServletResponse;Ljakarta/servlet/FilterChain;)V+150
j  org.springframework.security.web.FilterChainProxy$VirtualFilterChain.doFilter(Ljakarta/servlet/ServletRequest;Ljakarta/servlet/ServletResponse;)V+107
j  org.springframework.security.web.context.SecurityContextHolderFilter.doFilter(Ljakarta/servlet/http/HttpServletRequest;Ljakarta/servlet/http/HttpServletResponse;Ljakarta/servlet/FilterChain;)V+59
j  org.springframework.security.web.context.SecurityContextHolderFilter.doFilter(Ljakarta/servlet/ServletRequest;Ljakarta/servlet/ServletResponse;Ljakarta/servlet/FilterChain;)V+10
j  org.springframework.security.web.FilterChainProxy$VirtualFilterChain.doFilter(Ljakarta/servlet/ServletRequest;Ljakarta/servlet/ServletResponse;)V+107
j  org.springframework.security.web.context.request.async.WebAsyncManagerIntegrationFilter.doFilterInternal(Ljakarta/servlet/http/HttpServletRequest;Ljakarta/servlet/http/HttpServletResponse;Ljakarta/servlet/FilterChain;)V+55
j  org.springframework.web.filter.OncePerRequestFilter.doFilter(Ljakarta/servlet/ServletRequest;Ljakarta/servlet/ServletResponse;Ljakarta/servlet/FilterChain;)V+150
j  org.springframework.security.web.FilterChainProxy$VirtualFilterChain.doFilter(Ljakarta/servlet/ServletRequest;Ljakarta/servlet/ServletResponse;)V+107
j  org.springframework.security.web.session.DisableEncodeUrlFilter.doFilterInternal(Ljakarta/servlet/http/HttpServletRequest;Ljakarta/servlet/http/HttpServletResponse;Ljakarta/servlet/FilterChain;)V+10
j  org.springframework.web.filter.OncePerRequestFilter.doFilter(Ljakarta/servlet/ServletRequest;Ljakarta/servlet/ServletResponse;Ljakarta/servlet/FilterChain;)V+150
j  org.springframework.security.web.FilterChainProxy$VirtualFilterChain.doFilter(Ljakarta/servlet/ServletRequest;Ljakarta/servlet/ServletResponse;)V+107
j  org.springframework.security.web.FilterChainProxy.doFilterInternal(Ljakarta/servlet/ServletRequest;Ljakarta/servlet/ServletResponse;Ljakarta/servlet/FilterChain;)V+163
j  org.springframework.security.web.FilterChainProxy.doFilter(Ljakarta/servlet/ServletRequest;Ljakarta/servlet/ServletResponse;Ljakarta/servlet/FilterChain;)V+48
j  org.springframework.web.filter.CompositeFilter$VirtualFilterChain.doFilter(Ljakarta/servlet/ServletRequest;Ljakarta/servlet/ServletResponse;)V+63
j  org.springframework.web.filter.ServletRequestPathFilter.doFilter(Ljakarta/servlet/ServletRequest;Ljakarta/servlet/ServletResponse;Ljakarta/servlet/FilterChain;)V+25
j  org.springframework.web.filter.CompositeFilter$VirtualFilterChain.doFilter(Ljakarta/servlet/ServletRequest;Ljakarta/servlet/ServletResponse;)V+63
j  org.springframework.web.filter.CompositeFilter.doFilter(Ljakarta/servlet/ServletRequest;Ljakarta/servlet/ServletResponse;Ljakarta/servlet/FilterChain;)V+14
j  org.springframework.security.config.annotation.web.configuration.WebSecurityConfiguration$CompositeFilterChainProxy.doFilter(Ljakarta/servlet/ServletRequest;Ljakarta/servlet/ServletResponse;Ljakarta/servlet/FilterChain;)V+7
j  org.springframework.web.filter.DelegatingFilterProxy.invokeDelegate(Ljakarta/servlet/Filter;Ljakarta/servlet/ServletRequest;Ljakarta/servlet/ServletResponse;Ljakarta/servlet/FilterChain;)V+5
j  org.springframework.web.filter.DelegatingFilterProxy.doFilter(Ljakarta/servlet/ServletRequest;Ljakarta/servlet/ServletResponse;Ljakarta/servlet/FilterChain;)V+98
j  org.apache.catalina.core.ApplicationFilterChain.doFilter(Ljakarta/servlet/ServletRequest;Ljakarta/servlet/ServletResponse;)V+69
j  org.springframework.web.filter.RequestContextFilter.doFilterInternal(Ljakarta/servlet/http/HttpServletRequest;Ljakarta/servlet/http/HttpServletResponse;Ljakarta/servlet/FilterChain;)V+21
j  org.springframework.web.filter.OncePerRequestFilter.doFilter(Ljakarta/servlet/ServletRequest;Ljakarta/servlet/ServletResponse;Ljakarta/servlet/FilterChain;)V+150
j  org.apache.catalina.core.ApplicationFilterChain.doFilter(Ljakarta/servlet/ServletRequest;Ljakarta/servlet/ServletResponse;)V+69
j  org.springframework.web.filter.FormContentFilter.doFilterInternal(Ljakarta/servlet/http/HttpServletRequest;Ljakarta/servlet/http/HttpServletResponse;Ljakarta/servlet/FilterChain;)V+38
j  org.springframework.web.filter.OncePerRequestFilter.doFilter(Ljakarta/servlet/ServletRequest;Ljakarta/servlet/ServletResponse;Ljakarta/servlet/FilterChain;)V+150
j  org.apache.catalina.core.ApplicationFilterChain.doFilter(Ljakarta/servlet/ServletRequest;Ljakarta/servlet/ServletResponse;)V+69
j  org.springframework.web.filter.CharacterEncodingFilter.doFilterInternal(Ljakarta/servlet/http/HttpServletRequest;Ljakarta/servlet/http/HttpServletResponse;Ljakarta/servlet/FilterChain;)V+53
j  org.springframework.web.filter.OncePerRequestFilter.doFilter(Ljakarta/servlet/ServletRequest;Ljakarta/servlet/ServletResponse;Ljakarta/servlet/FilterChain;)V+150
j  org.apache.catalina.core.ApplicationFilterChain.doFilter(Ljakarta/servlet/ServletRequest;Ljakarta/servlet/ServletResponse;)V+69
j  org.apache.catalina.core.StandardWrapperValve.invoke(Lorg/apache/catalina/connector/Request;Lorg/apache/catalina/connector/Response;)V+510
j  org.apache.catalina.core.StandardContextValve.invoke(Lorg/apache/catalina/connector/Request;Lorg/apache/catalina/connector/Response;)V+124
j  org.apache.catalina.authenticator.AuthenticatorBase.invoke(Lorg/apache/catalina/connector/Request;Lorg/apache/catalina/connector/Response;)V+221
j  org.apache.catalina.core.StandardHostValve.invoke(Lorg/apache/catalina/connector/Request;Lorg/apache/catalina/connector/Response;)V+125
j  org.apache.catalina.valves.ErrorReportValve.invoke(Lorg/apache/catalina/connector/Request;Lorg/apache/catalina/connector/Response;)V+6
j  org.apache.catalina.core.StandardEngineValve.invoke(Lorg/apache/catalina/connector/Request;Lorg/apache/catalina/connector/Response;)V+59
j  org.apache.catalina.connector.CoyoteAdapter.service(Lorg/apache/coyote/Request;Lorg/apache/coyote/Response;)V+179
j  org.apache.coyote.http11.Http11Processor.service(Lorg/apache/tomcat/util/net/SocketWrapperBase;)Lorg/apache/tomcat/util/net/AbstractEndpoint$Handler$SocketState;+796
j  org.apache.coyote.AbstractProcessorLight.process(Lorg/apache/tomcat/util/net/SocketWrapperBase;Lorg/apache/tomcat/util/net/SocketEvent;)Lorg/apache/tomcat/util/net/AbstractEndpoint$Handler$SocketState;+155
j  org.apache.coyote.AbstractProtocol$ConnectionHandler.process(Lorg/apache/tomcat/util/net/SocketWrapperBase;Lorg/apache/tomcat/util/net/SocketEvent;)Lorg/apache/tomcat/util/net/AbstractEndpoint$Handler$SocketState;+477
j  org.apache.tomcat.util.net.NioEndpoint$SocketProcessor.doRun()V+222
j  org.apache.tomcat.util.net.SocketProcessorBase.run()V+32
j  org.apache.tomcat.util.threads.ThreadPoolExecutor.runWorker(Lorg/apache/tomcat/util/threads/ThreadPoolExecutor$Worker;)V+92
j  org.apache.tomcat.util.threads.ThreadPoolExecutor$Worker.run()V+5
j  org.apache.tomcat.util.threads.TaskThread$WrappingRunnable.run()V+4
j  java.lang.Thread.runWith(Ljava/lang/Object;Ljava/lang/Runnable;)V+5 java.base@21.0.11
j  java.lang.Thread.run()V+19 java.base@21.0.11
v  ~StubRoutines::call_stub 0x000001a1a463100d

Compiled method (n/a)   24241 1295     n 0       java.lang.ClassLoader::defineClass1 (native)
 total in heap  [0x000001a1a4a50790,0x000001a1a4a50df0] = 1632
 relocation     [0x000001a1a4a508f0,0x000001a1a4a50928] = 56
 main code      [0x000001a1a4a50940,0x000001a1a4a50def] = 1199
 stub code      [0x000001a1a4a50def,0x000001a1a4a50df0] = 1

[Constant Pool (empty)]

[MachCode]
[Entry Point]
  # {method} {0x000001a1ad43a530} 'defineClass1' '(Ljava/lang/ClassLoader;Ljava/lang/String;[BIILjava/security/ProtectionDomain;Ljava/lang/String;)Ljava/lang/Class;' in 'java/lang/ClassLoader'
  # parm0:    rdx:rdx   = 'java/lang/ClassLoader'
  # parm1:    r8:r8     = 'java/lang/String'
  # parm2:    r9:r9     = '[B'
  # parm3:    rdi       = int
  # parm4:    rsi       = int
  # parm5:    rcx:rcx   = 'java/security/ProtectionDomain'
  # parm6:    [sp+0xa0]   = 'java/lang/String'  (sp of caller)
  0x000001a1a4a50940: 448b 5208 | 49bb 0000 | 00ad a101 | 0000 4d03 | d349 3bc2 | 0f84 0600 

  0x000001a1a4a50958: ;   {runtime_call ic_miss_stub}
  0x000001a1a4a50958: 0000 e921 | dec2 ff90 
[Verified Entry Point]
  0x000001a1a4a50960: 8984 2400 | 80ff ff55 | 488b ec48 | 81ec 9000 | 0000 6690 | 4181 7f20 | 0d00 0000 

  0x000001a1a4a5097c: ;   {runtime_call StubRoutines (final stubs)}
  0x000001a1a4a5097c: 7405 e8dd | 43c1 ff48 | 837d 1000 | 488d 4510 | 480f 4445 | 1048 8944 | 2440 4889 | 4c24 7048 
  0x000001a1a4a5099c: 83f9 0048 | 8d44 2470 | 480f 4444 | 2470 4889 | 4424 3848 | 8974 2430 | 4889 7c24 | 284c 894c 
  0x000001a1a4a509bc: 2458 4983 | f900 488d | 4424 5848 | 0f44 4424 | 5848 8944 | 2420 4c89 | 4424 5049 | 83f8 004c 
  0x000001a1a4a509dc: 8d4c 2450 | 4c0f 444c | 2450 4889 | 5424 4848 | 83fa 004c | 8d44 2448 | 4c0f 4444 

  0x000001a1a4a509f8: ;   {oop(a 'java/lang/Class'{0x00000000832ce1c8} = 'java/lang/ClassLoader')}
  0x000001a1a4a509f8: 2448 49be | c8e1 2c83 | 0000 0000 | 4c89 7424 | 784c 8d74 | 2478 498b | d6c5 f877 

  0x000001a1a4a50a14: ;   {internal_word}
  0x000001a1a4a50a14: 49ba 110a | a5a4 a101 | 0000 4d89 | 97a8 0300 | 0049 89a7 | a003 0000 

  0x000001a1a4a50a2c: ;   {external_word}
  0x000001a1a4a50a2c: 49ba e328 | ed38 fb7f | 0000 4180 | 3a00 0f84 | 4e00 0000 | 5241 5041 

  0x000001a1a4a50a44: ;   {metadata({method} {0x000001a1ad43a530} 'defineClass1' '(Ljava/lang/ClassLoader;Ljava/lang/String;[BIILjava/security/ProtectionDomain;Ljava/lang/String;)Ljava/lang/Class;' in 'java/lang/ClassLoader')}
  0x000001a1a4a50a44: 5148 ba28 | a543 ada1 | 0100 0049 | 8bcf 4883 | ec20 40f6 | c40f 0f84 | 1900 0000 | 4883 ec08 
  0x000001a1a4a50a64: ;   {runtime_call}
  0x000001a1a4a50a64: 48b8 b07c | 9d38 fb7f | 0000 ffd0 | 4883 c408 | e90c 0000 

  0x000001a1a4a50a78: ;   {runtime_call}
  0x000001a1a4a50a78: 0048 b8b0 | 7c9d 38fb | 7f00 00ff | d048 83c4 | 2041 5941 | 585a 498d | 8fc0 0300 | 0041 c787 
  0x000001a1a4a50a98: 4c04 0000 | 0400 0000 

  0x000001a1a4a50aa0: ;   {runtime_call}
  0x000001a1a4a50aa0: 48b8 d016 | 029e fb7f | 0000 ffd0 | c5f8 7741 | c787 4c04 | 0000 0500 | 0000 f083 | 4424 c000 
  0x000001a1a4a50ac0: 493b af50 | 0400 000f | 870e 0000 | 0041 83bf | 4804 0000 | 000f 842b | 0000 00c5 | f877 4889 
  0x000001a1a4a50ae0: 45f8 498b | cf4c 8be4 | 4883 ec20 | 4883 e4f0 

  0x000001a1a4a50af0: ;   {runtime_call}
  0x000001a1a4a50af0: 48b8 801e | 6938 fb7f | 0000 ffd0 | 498b e44d | 33e4 488b | 45f8 41c7 | 874c 0400 | 0008 0000 
  0x000001a1a4a50b10: 0041 83bf | c804 0000 | 020f 84a3 

  0x000001a1a4a50b1c: ;   {external_word}
  0x000001a1a4a50b1c: 0200 0049 | bae3 28ed | 38fb 7f00 | 0041 803a | 000f 844c | 0000 0048 

  0x000001a1a4a50b34: ;   {metadata({method} {0x000001a1ad43a530} 'defineClass1' '(Ljava/lang/ClassLoader;Ljava/lang/String;[BIILjava/security/ProtectionDomain;Ljava/lang/String;)Ljava/lang/Class;' in 'java/lang/ClassLoader')}
  0x000001a1a4a50b34: 8945 f848 | ba28 a543 | ada1 0100 | 0049 8bcf | 4883 ec20 | 40f6 c40f | 0f84 1900 | 0000 4883 
  0x000001a1a4a50b54: ;   {runtime_call}
  0x000001a1a4a50b54: ec08 48b8 | b07c 9d38 | fb7f 0000 | ffd0 4883 | c408 e90c 

  0x000001a1a4a50b68: ;   {runtime_call}
  0x000001a1a4a50b68: 0000 0048 | b8b0 7c9d | 38fb 7f00 | 00ff d048 | 83c4 2048 | 8b45 f849 | c787 a003 | 0000 0000 
  0x000001a1a4a50b88: 0000 49c7 | 87a8 0300 | 0000 0000 | 00c5 f877 | 4885 c00f | 84fe 0100 | 00a8 030f | 8508 0000 
  0x000001a1a4a50ba8: 0048 8b00 | e9ee 0100 | 00a8 010f | 8509 0000 | 0048 8b40 | fee9 dd01 | 0000 488b | 40ff 4180 
  0x000001a1a4a50bc8: 7f40 000f | 84ce 0100 | 0048 83f8 | 000f 84c4 | 0100 0049 | 8b4f 2848 | 83f9 000f | 8414 0000 
  0x000001a1a4a50be8: 0048 83e9 | 0849 894f | 2849 034f | 3848 8901 | e9a2 0100 | 0048 81ec | d000 0000 | 4889 0424 
  0x000001a1a4a50c08: 4889 4c24 | 0848 8954 | 2410 4889 | 7424 1848 | 897c 2420 | 4c89 4424 | 284c 894c | 2430 4c89 
  0x000001a1a4a50c28: 5424 384c | 895c 2440 | c5fb 1144 | 2450 c5fb | 114c 2458 | c5fb 1154 | 2460 c5fb | 115c 2468 
  0x000001a1a4a50c48: c5fb 1164 | 2470 c5fb | 116c 2478 | c5fb 11b4 | 2480 0000 | 00c5 fb11 | bc24 8800 | 0000 c57b 
  0x000001a1a4a50c68: ;   {no_reloc}
  0x000001a1a4a50c68: 1184 2490 | 0000 00c5 | 7b11 8c24 | 9800 0000 | c57b 1194 | 24a0 0000 | 00c5 7b11 | 9c24 a800 
  0x000001a1a4a50c88: 0000 c57b | 11a4 24b0 | 0000 00c5 | 7b11 ac24 | b800 0000 | c57b 11b4 | 24c0 0000 | 00c5 7b11 
  0x000001a1a4a50ca8: bc24 c800 | 0000 498b | d748 8bc8 | 4883 ec20 | 40f6 c40f | 0f84 1900 | 0000 4883 

  0x000001a1a4a50cc4: ;   {runtime_call}
  0x000001a1a4a50cc4: ec08 48b8 | d06c 5c38 | fb7f 0000 | ffd0 4883 | c408 e90c 

  0x000001a1a4a50cd8: ;   {runtime_call}
  0x000001a1a4a50cd8: 0000 0048 | b8d0 6c5c | 38fb 7f00 | 00ff d048 | 83c4 20c5 | 7b10 bc24 | c800 0000 | c57b 10b4 
  0x000001a1a4a50cf8: 24c0 0000 | 00c5 7b10 | ac24 b800 | 0000 c57b | 10a4 24b0 | 0000 00c5 | 7b10 9c24 | a800 0000 
  0x000001a1a4a50d18: c57b 1094 | 24a0 0000 | 00c5 7b10 | 8c24 9800 | 0000 c57b | 1084 2490 | 0000 00c5 | fb10 bc24 
  0x000001a1a4a50d38: 8800 0000 | c5fb 10b4 | 2480 0000 | 00c5 fb10 | 6c24 78c5 | fb10 6424 | 70c5 fb10 | 5c24 68c5 
  0x000001a1a4a50d58: fb10 5424 | 60c5 fb10 | 4c24 58c5 | fb10 4424 | 504c 8b5c | 2440 4c8b | 5424 384c | 8b4c 2430 
  0x000001a1a4a50d78: 4c8b 4424 | 2848 8b7c | 2420 488b | 7424 1848 | 8b54 2410 | 488b 4c24 | 0848 8b04 | 2448 81c4 
  0x000001a1a4a50d98: d000 0000 | c5f8 7749 | 8b8f 3004 | 0000 c781 | 0001 0000 | 0000 0000 | c949 837f | 0800 0f85 
  0x000001a1a4a50db8: 0100 0000 

  0x000001a1a4a50dbc: ;   {runtime_call StubRoutines (initial stubs)}
  0x000001a1a4a50dbc: c3e9 3e01 | beff c5f8 | 7748 8945 | f84c 8be4 | 4883 ec20 | 4883 e4f0 

  0x000001a1a4a50dd4: ;   {runtime_call}
  0x000001a1a4a50dd4: 48b8 10b4 | 9d38 fb7f | 0000 ffd0 | 498b e44d | 33e4 488b | 45f8 e930 | fdff fff4 
[/MachCode]


Compiled method (c1)   24248 1525       1       java.lang.ClassLoader::defineClass (43 bytes)
 total in heap  [0x000001a1a4ab9790,0x000001a1a4ab9d50] = 1472
 relocation     [0x000001a1a4ab98f0,0x000001a1a4ab9960] = 112
 main code      [0x000001a1a4ab9960,0x000001a1a4ab9b20] = 448
 stub code      [0x000001a1a4ab9b20,0x000001a1a4ab9b98] = 120
 metadata       [0x000001a1a4ab9b98,0x000001a1a4ab9bc8] = 48
 scopes data    [0x000001a1a4ab9bc8,0x000001a1a4ab9c80] = 184
 scopes pcs     [0x000001a1a4ab9c80,0x000001a1a4ab9d20] = 160
 dependencies   [0x000001a1a4ab9d20,0x000001a1a4ab9d28] = 8
 nul chk table  [0x000001a1a4ab9d28,0x000001a1a4ab9d50] = 40

[Constant Pool (empty)]

[MachCode]
[Entry Point]
  # {method} {0x000001a1ad43a8b0} 'defineClass' '(Ljava/lang/String;[BIILjava/security/ProtectionDomain;)Ljava/lang/Class;' in 'java/lang/ClassLoader'
  # this:     rdx:rdx   = 'java/lang/ClassLoader'
  # parm0:    r8:r8     = 'java/lang/String'
  # parm1:    r9:r9     = '[B'
  # parm2:    rdi       = int
  # parm3:    rsi       = int
  # parm4:    rcx:rcx   = 'java/security/ProtectionDomain'
  #           [sp+0xc0]  (sp of caller)
  0x000001a1a4ab9960: 448b 5208 | 49bb 0000 | 00ad a101 | 0000 4d03 | d34c 3bd0 

  0x000001a1a4ab9974: ;   {runtime_call ic_miss_stub}
  0x000001a1a4ab9974: 0f85 064e | bcff 660f | 1f44 0000 
[Verified Entry Point]
  0x000001a1a4ab9980: 8984 2400 | 80ff ff55 | 4881 ecb0 | 0000 0090 | 4181 7f20 | 0d00 0000 

  0x000001a1a4ab9998: ;   {runtime_call StubRoutines (final stubs)}
  0x000001a1a4ab9998: 7405 e8c1 | b3ba ff48 | 8954 2478 | 89b4 2494 | 0000 0089 | bc24 9000 | 0000 4c89 | 8c24 8800 
  0x000001a1a4ab99b8: 0000 498b | d84c 8bc3 | 4c8b c948 | 8bca 488b | d148 899c | 2480 0000 | 0066 0f1f 

  0x000001a1a4ab99d4: ;   {optimized virtual_call}
  0x000001a1a4ab99d4: 4400 00e8 

  0x000001a1a4ab99d8: ; ImmutableOopMap {[120]=Oop [128]=Oop [136]=Oop }
                      ;*invokevirtual preDefineClass {reexecute=0 rethrow=0 return_oop=0}
                      ; - java.lang.ClassLoader::defineClass@4 (line 1025)
  0x000001a1a4ab99d8: e41e 0000 

  0x000001a1a4ab99dc: ;   {other}
  0x000001a1a4ab99dc: 0f1f 8400 | 4c02 0000 | 4889 8424 | 9800 0000 

  0x000001a1a4ab99ec: ; implicit exception: dispatches to 0x000001a1a4ab9aca
  0x000001a1a4ab99ec: 448b 4010 | 4d85 c00f | 850f 0000 

  0x000001a1a4ab99f8: ;   {oop(nullptr)}
  0x000001a1a4ab99f8: 0048 bb00 | 0000 0000 | 0000 00e9 | 3f00 0000 

  0x000001a1a4ab9a08: ; implicit exception: dispatches to 0x000001a1a4ab9acf
  0x000001a1a4ab9a08: 458b 400c | 4d85 c00f | 850f 0000 

  0x000001a1a4ab9a14: ;   {oop(nullptr)}
  0x000001a1a4ab9a14: 0048 bb00 | 0000 0000 | 0000 00e9 | 2300 0000 

  0x000001a1a4ab9a24: ; implicit exception: dispatches to 0x000001a1a4ab9ad4
  0x000001a1a4ab9a24: 418b 5038 

  0x000001a1a4ab9a28: ; implicit exception: dispatches to 0x000001a1a4ab9ad9
  0x000001a1a4ab9a28: 483b 020f 

  0x000001a1a4ab9a2c: ;   {optimized virtual_call}
  0x000001a1a4ab9a2c: 1f40 00e8 

  0x000001a1a4ab9a30: ; ImmutableOopMap {[120]=Oop [128]=Oop [136]=Oop [152]=Oop }
                      ;*invokevirtual toExternalForm {reexecute=0 rethrow=0 return_oop=0}
                      ; - java.net.URL::toExternalForm@5 (line 1203)
                      ; - java.net.URL::toString@1 (line 1189)
                      ; - java.lang.ClassLoader::defineClassSourceLocation@22 (line 927)
                      ; - java.lang.ClassLoader::defineClass@12 (line 1026)
  0x000001a1a4ab9a30: cc74 f7ff 

  0x000001a1a4ab9a34: ;   {other}
  0x000001a1a4ab9a34: 0f1f 8400 | a402 0001 | 488b d848 | 8b84 2498 | 0000 008b | b424 9400 | 0000 8bbc | 2490 0000 
  0x000001a1a4ab9a54: 004c 8b8c | 2488 0000 | 004c 8b84 | 2480 0000 | 0048 8b54 | 2478 4c8b | da49 8bd3 | 488b c848 
  0x000001a1a4ab9a74: ;   {static_call}
  0x000001a1a4ab9a74: 891c 24e8 

  0x000001a1a4ab9a78: ; ImmutableOopMap {[120]=Oop [152]=Oop }
                      ;*invokestatic defineClass1 {reexecute=0 rethrow=0 return_oop=0}
                      ; - java.lang.ClassLoader::defineClass@27 (line 1027)
  0x000001a1a4ab9a78: e46e f9ff 

  0x000001a1a4ab9a7c: ;   {other}
  0x000001a1a4ab9a7c: 0f1f 8400 | ec02 0002 | 4c8b c04c | 8b8c 2498 | 0000 0048 | 8b54 2478 | 4889 8424 | a000 0000 
  0x000001a1a4ab9a9c: ;   {optimized virtual_call}
  0x000001a1a4ab9a9c: 6666 90e8 

  0x000001a1a4ab9aa0: ; ImmutableOopMap {[160]=Oop }
                      ;*invokevirtual postDefineClass {reexecute=0 rethrow=0 return_oop=0}
                      ; - java.lang.ClassLoader::defineClass@37 (line 1028)
  0x000001a1a4ab9aa0: 5cba fdff 

  0x000001a1a4ab9aa4: ;   {other}
  0x000001a1a4ab9aa4: 0f1f 8400 | 1403 0003 | 488b 8424 | a000 0000 | 4881 c4b0 | 0000 005d 

  0x000001a1a4ab9abc: ;   {poll_return}
  0x000001a1a4ab9abc: 493b a750 | 0400 000f | 8715 0000 

  0x000001a1a4ab9ac8: ;   {runtime_call throw_null_pointer_exception Runtime1 stub}
  0x000001a1a4ab9ac8: 00c3 e8b1 

  0x000001a1a4ab9acc: ; ImmutableOopMap {rax=Oop [120]=Oop [128]=Oop [136]=Oop [152]=Oop }
                      ;*invokevirtual getCodeSource {reexecute=0 rethrow=0 return_oop=0}
                      ; - java.lang.ClassLoader::defineClassSourceLocation@1 (line 924)
                      ; - java.lang.ClassLoader::defineClass@12 (line 1026)
                      ;   {runtime_call throw_null_pointer_exception Runtime1 stub}
  0x000001a1a4ab9acc: 61c7 ffe8 

  0x000001a1a4ab9ad0: ; ImmutableOopMap {rax=Oop [120]=Oop [128]=Oop [136]=Oop [152]=Oop }
                      ;*invokevirtual getLocation {reexecute=0 rethrow=0 return_oop=0}
                      ; - java.lang.ClassLoader::defineClassSourceLocation@12 (line 926)
                      ; - java.lang.ClassLoader::defineClass@12 (line 1026)
  0x000001a1a4ab9ad0: ac61 c7ff 

  0x000001a1a4ab9ad4: ;   {runtime_call throw_null_pointer_exception Runtime1 stub}
  0x000001a1a4ab9ad4: e8a7 61c7 

  0x000001a1a4ab9ad8: ; ImmutableOopMap {r8=Oop [120]=Oop [128]=Oop [136]=Oop [152]=Oop }
                      ;*invokevirtual toString {reexecute=0 rethrow=0 return_oop=0}
                      ; - java.lang.ClassLoader::defineClassSourceLocation@22 (line 927)
                      ; - java.lang.ClassLoader::defineClass@12 (line 1026)
                      ;   {runtime_call throw_null_pointer_exception Runtime1 stub}
  0x000001a1a4ab9ad8: ffe8 a261 

  0x000001a1a4ab9adc: ; ImmutableOopMap {r8=Oop rdx=Oop [120]=Oop [128]=Oop [136]=Oop [152]=Oop }
                      ;*invokevirtual toExternalForm {reexecute=0 rethrow=0 return_oop=0}
                      ; - java.net.URL::toExternalForm@5 (line 1203)
                      ; - java.net.URL::toString@1 (line 1189)
                      ; - java.lang.ClassLoader::defineClassSourceLocation@22 (line 927)
                      ; - java.lang.ClassLoader::defineClass@12 (line 1026)
                      ;   {internal_word}
  0x000001a1a4ab9adc: c7ff 49ba | bc9a aba4 | a101 0000 | 4d89 9768 

  0x000001a1a4ab9aec: ;   {runtime_call SafepointBlob}
  0x000001a1a4ab9aec: 0400 00e9 | 0cbc bcff | 498b 8700 | 0500 0049 | c787 0005 | 0000 0000 | 0000 49c7 | 8708 0500 
  0x000001a1a4ab9b0c: 0000 0000 | 0048 81c4 | b000 0000 

  0x000001a1a4ab9b18: ;   {runtime_call unwind_exception Runtime1 stub}
  0x000001a1a4ab9b18: 5de9 6252 | c7ff f4f4 
[Stub Code]
  0x000001a1a4ab9b20: ;   {no_reloc}
  0x000001a1a4ab9b20: 0f1f 4400 

  0x000001a1a4ab9b24: ;   {static_stub}
  0x000001a1a4ab9b24: 0048 bb00 | 0000 0000 

  0x000001a1a4ab9b2c: ;   {runtime_call}
  0x000001a1a4ab9b2c: 0000 00e9 | fbff ffff 

  0x000001a1a4ab9b34: ;   {static_stub}
  0x000001a1a4ab9b34: 48bb 0000 | 0000 0000 

  0x000001a1a4ab9b3c: ;   {runtime_call}
  0x000001a1a4ab9b3c: 0000 e9fb 

  0x000001a1a4ab9b40: ;   {static_stub}
  0x000001a1a4ab9b40: ffff ff48 | bb00 0000 | 0000 0000 

  0x000001a1a4ab9b4c: ;   {runtime_call}
  0x000001a1a4ab9b4c: 00e9 fbff 

  0x000001a1a4ab9b50: ;   {static_stub}
  0x000001a1a4ab9b50: ffff 48bb | 0000 0000 | 0000 0000 

  0x000001a1a4ab9b5c: ;   {runtime_call}
  0x000001a1a4ab9b5c: e9fb ffff 

  0x000001a1a4ab9b60: ;   {runtime_call handle_exception_from_callee Runtime1 stub}
  0x000001a1a4ab9b60: ffe8 9a88 

  0x000001a1a4ab9b64: ;   {external_word}
  0x000001a1a4ab9b64: c7ff 48b9 | 1009 c538 | fb7f 0000 | 4883 e4f0 

  0x000001a1a4ab9b74: ;   {runtime_call}
  0x000001a1a4ab9b74: 48b8 708b | 8c38 fb7f | 0000 ffd0 

  0x000001a1a4ab9b80: ;   {section_word}
  0x000001a1a4ab9b80: f449 ba81 | 9bab a4a1 | 0100 0041 

  0x000001a1a4ab9b8c: ;   {runtime_call DeoptimizationBlob}
  0x000001a1a4ab9b8c: 52e9 0eae | bcff f4f4 | f4f4 f4f4 
[/MachCode]


Compiled method (c1)   24252 1421       1       jdk.internal.loader.BuiltinClassLoader::defineClass (121 bytes)
 total in heap  [0x000001a1a4a8fc10,0x000001a1a4a90b20] = 3856
 relocation     [0x000001a1a4a8fd70,0x000001a1a4a8feb8] = 328
 main code      [0x000001a1a4a8fec0,0x000001a1a4a90580] = 1728
 stub code      [0x000001a1a4a90580,0x000001a1a4a906a0] = 288
 metadata       [0x000001a1a4a906a0,0x000001a1a4a906e8] = 72
 scopes data    [0x000001a1a4a906e8,0x000001a1a4a90940] = 600
 scopes pcs     [0x000001a1a4a90940,0x000001a1a4a90ae0] = 416
 dependencies   [0x000001a1a4a90ae0,0x000001a1a4a90ae8] = 8
 handler table  [0x000001a1a4a90ae8,0x000001a1a4a90b00] = 24
 nul chk table  [0x000001a1a4a90b00,0x000001a1a4a90b20] = 32

[Constant Pool (empty)]

[MachCode]
[Entry Point]
  # {method} {0x000001a1ad069cd0} 'defineClass' '(Ljava/lang/String;Ljdk/internal/loader/Resource;)Ljava/lang/Class;' in 'jdk/internal/loader/BuiltinClassLoader'
  # this:     rdx:rdx   = 'jdk/internal/loader/BuiltinClassLoader'
  # parm0:    r8:r8     = 'java/lang/String'
  # parm1:    r9:r9     = 'jdk/internal/loader/Resource'
  #           [sp+0x110]  (sp of caller)
  0x000001a1a4a8fec0: 448b 5208 | 49bb 0000 | 00ad a101 | 0000 4d03 | d34c 3bd0 

  0x000001a1a4a8fed4: ;   {runtime_call ic_miss_stub}
  0x000001a1a4a8fed4: 0f85 a6e8 | beff 660f | 1f44 0000 
[Verified Entry Point]
  0x000001a1a4a8fee0: 8984 2400 | 80ff ff55 | 4881 ec00 | 0100 0090 | 4181 7f20 | 0d00 0000 

  0x000001a1a4a8fef8: ;   {runtime_call StubRoutines (final stubs)}
  0x000001a1a4a8fef8: 7405 e861 | 4ebd ff48 | 8994 24a0 | 0000 004c | 8984 2490 | 0000 004c | 898c 2498 | 0000 0049 
  0x000001a1a4a8ff18: 8bd1 6666 | 9048 b8ff | ffff ffff 

  0x000001a1a4a8ff24: ;   {virtual_call}
  0x000001a1a4a8ff24: ffff ffe8 

  0x000001a1a4a8ff28: ; ImmutableOopMap {[144]=Oop [152]=Oop [160]=Oop }
                      ;*invokevirtual getCodeSourceURL {reexecute=0 rethrow=0 return_oop=0}
                      ; - jdk.internal.loader.BuiltinClassLoader::defineClass@1 (line 842)
  0x000001a1a4a8ff28: f4df caff 

  0x000001a1a4a8ff2c: ;   {other}
  0x000001a1a4a8ff2c: 0f1f 8400 | 1c03 0000 | 4889 8424 | a800 0000 | 4c8b 8424 | 9000 0000 

  0x000001a1a4a8ff44: ; implicit exception: dispatches to 0x000001a1a4a90482
  0x000001a1a4a8ff44: 418b 7014 

  0x000001a1a4a8ff48: ; implicit exception: dispatches to 0x000001a1a4a90487
  0x000001a1a4a8ff48: 8b56 0c45 | 0fbe 4810 | 498b c9c1 | e118 c1f9 | 18d3 fa48 | 8bfa ffcf | 4585 c9ba | 0000 0000 
  0x000001a1a4a8ff68: 7505 ba01 | 0000 0083 | e201 85d2 | 488b d641 | b82e 0000 | 004c 8bcf | 0f84 1300 

  0x000001a1a4a8ff84: ;   {static_call}
  0x000001a1a4a8ff84: 0000 90e8 

  0x000001a1a4a8ff88: ; ImmutableOopMap {[144]=Oop [152]=Oop [160]=Oop [168]=Oop }
                      ;*invokestatic lastIndexOf {reexecute=0 rethrow=0 return_oop=0}
                      ; - java.lang.String::lastIndexOf@13 (line 2562)
                      ; - java.lang.String::lastIndexOf@8 (line 2524)
                      ; - jdk.internal.loader.BuiltinClassLoader::defineClass@8 (line 845)
  0x000001a1a4a8ff88: b4d1 cbff 

  0x000001a1a4a8ff8c: ;   {other}
  0x000001a1a4a8ff8c: 0f1f 8400 | 7c03 0001 | e913 0000 | 0066 0f1f 

  0x000001a1a4a8ff9c: ;   {static_call}
  0x000001a1a4a8ff9c: 4400 00e8 

  0x000001a1a4a8ffa0: ; ImmutableOopMap {[144]=Oop [152]=Oop [160]=Oop [168]=Oop }
                      ;*invokestatic lastIndexOf {reexecute=0 rethrow=0 return_oop=0}
                      ; - java.lang.String::lastIndexOf@25 (line 2563)
                      ; - java.lang.String::lastIndexOf@8 (line 2524)
                      ; - jdk.internal.loader.BuiltinClassLoader::defineClass@8 (line 845)
  0x000001a1a4a8ffa0: dcf0 beff 

  0x000001a1a4a8ffa4: ;   {other}
  0x000001a1a4a8ffa4: 0f1f 8400 | 9403 0002 | 83f8 ff0f | 847f 0000 | 0041 b800 | 0000 004c | 8bc8 488b | 9424 9000 
  0x000001a1a4a8ffc4: ;   {optimized virtual_call}
  0x000001a1a4a8ffc4: 0000 90e8 

  0x000001a1a4a8ffc8: ; ImmutableOopMap {[144]=Oop [152]=Oop [160]=Oop [168]=Oop }
                      ;*invokevirtual substring {reexecute=0 rethrow=0 return_oop=0}
                      ; - jdk.internal.loader.BuiltinClassLoader::defineClass@23 (line 847)
  0x000001a1a4a8ffc8: b406 e1ff 

  0x000001a1a4a8ffcc: ;   {other}
  0x000001a1a4a8ffcc: 0f1f 8400 | bc03 0003 | 488b 9424 | 9800 0000 | 4889 8424 | b000 0000 | 9048 b8ff | ffff ffff 
  0x000001a1a4a8ffec: ;   {virtual_call}
  0x000001a1a4a8ffec: ffff ffe8 

  0x000001a1a4a8fff0: ; ImmutableOopMap {[144]=Oop [152]=Oop [160]=Oop [168]=Oop [176]=Oop }
                      ;*invokevirtual getManifest {reexecute=0 rethrow=0 return_oop=0}
                      ; - jdk.internal.loader.BuiltinClassLoader::defineClass@29 (line 848)
  0x000001a1a4a8fff0: 24db caff 

  0x000001a1a4a8fff4: ;   {other}
  0x000001a1a4a8fff4: 0f1f 8400 | e403 0004 | 4c8b 8424 | b000 0000 | 4c8b c848 | 8bbc 24a8 | 0000 0048 | 8b94 24a0 
  0x000001a1a4a90014: 0000 0066 | 0f1f 4400 | 0048 b810 | a306 ada1 

  0x000001a1a4a90024: ;   {virtual_call}
  0x000001a1a4a90024: 0100 00e8 

  0x000001a1a4a90028: ; ImmutableOopMap {[144]=Oop [152]=Oop [160]=Oop [168]=Oop }
                      ;*invokevirtual defineOrCheckPackage {reexecute=0 rethrow=0 return_oop=0}
                      ; - jdk.internal.loader.BuiltinClassLoader::defineClass@40 (line 849)
  0x000001a1a4a90028: 14f1 ffff 

  0x000001a1a4a9002c: ;   {other}
  0x000001a1a4a9002c: 0f1f 8400 | 1c04 0005 | 4c8b 8c24 | 9800 0000 | 488d 9424 | e000 0000 | 4c89 4a08 | 498b 0148 
  0x000001a1a4a9004c: 83c8 0148 | 8902 f049 | 0fb1 110f | 8412 0000 | 0048 2bc4 | 4825 07f0 | ffff 4889 | 020f 851d 
  0x000001a1a4a9006c: 0400 0049 | ff87 5005 | 0000 418b | 510c 4885 | d20f 8551 | 0000 0049 | 8bd1 0f1f | 8000 0000 
  0x000001a1a4a9008c: 0048 b8ff | ffff ffff 

  0x000001a1a4a90094: ;   {virtual_call}
  0x000001a1a4a90094: ffff ffe8 

  0x000001a1a4a90098: ; ImmutableOopMap {[144]=Oop [152]=Oop [160]=Oop [168]=Oop [232]=Oop }
                      ;*invokevirtual getInputStream {reexecute=0 rethrow=0 return_oop=0}
                      ; - jdk.internal.loader.Resource::cachedInputStream@9 (line 77)
                      ; - jdk.internal.loader.Resource::getByteBuffer@1 (line 163)
                      ; - jdk.internal.loader.BuiltinClassLoader::defineClass@45 (line 853)
  0x000001a1a4a90098: d4d8 caff 

  0x000001a1a4a9009c: ;   {other}
  0x000001a1a4a9009c: 0f1f 8400 | 8c04 0006 | 410f be57 | 4085 d24c | 8b8c 2498 | 0000 000f | 85e6 0300 | 004c 8bd0 
  0x000001a1a4a900bc: 4589 510c | 498b d148 | 33d0 48c1 | ea14 4883 | fa00 0f85 | e703 0000 | 418b 510c | 488d 8424 
  0x000001a1a4a900dc: e000 0000 | 488b 3048 | 85f6 0f84 | 0f00 0000 | 488b 7808 | f048 0fb1 | 370f 85d8 | 0300 0049 
  0x000001a1a4a900fc: ff8f 5005 | 0000 4885 | d20f 8443 

  0x000001a1a4a90108: ;   {metadata('sun/nio/ByteBuffered')}
  0x000001a1a4a90108: 0000 0048 | b8a8 d036 | ada1 0100 | 008b 5a08 | 49ba 0000 | 00ad a101 | 0000 4903 | da48 3b43 
  0x000001a1a4a90128: 200f 8424 | 0000 0048 | 3bd8 0f84 | 1b00 0000 

  0x000001a1a4a90138: ;   {runtime_call slow_subtype_check Runtime1 stub}
  0x000001a1a4a90138: 5350 e8c1 | 2eca ff5b | 5b85 db0f | 8405 0000 | 00e9 0500 | 0000 4833 | f6eb 0a48 | be01 0000 
  0x000001a1a4a90158: 0000 0000 | 0085 f60f | 846c 0000 | 0048 85d2 | 0f84 4300 

  0x000001a1a4a9016c: ;   {metadata('sun/nio/ByteBuffered')}
  0x000001a1a4a9016c: 0000 48bb | a8d0 36ad | a101 0000 | 8b7a 0849 | ba00 0000 | ada1 0100 | 0049 03fa | 483b 5f20 
  0x000001a1a4a9018c: 0f84 1f00 | 0000 483b | fb0f 8416 | 0000 0057 

  0x000001a1a4a9019c: ;   {runtime_call slow_subtype_check Runtime1 stub}
  0x000001a1a4a9019c: 53e8 5e2e | caff 5f5f | 85ff 0f84 | 3d03 0000 | e900 0000 | 000f 1f40 | 0048 b8ff | ffff ffff 
  0x000001a1a4a901bc: ;   {virtual_call}
  0x000001a1a4a901bc: ffff ffe8 

  0x000001a1a4a901c0: ; ImmutableOopMap {[144]=Oop [152]=Oop [160]=Oop [168]=Oop }
                      ;*invokeinterface getByteBuffer {reexecute=0 rethrow=0 return_oop=0}
                      ; - jdk.internal.loader.Resource::getByteBuffer@16 (line 165)
                      ; - jdk.internal.loader.BuiltinClassLoader::defineClass@45 (line 853)
  0x000001a1a4a901c0: bceb beff 

  0x000001a1a4a901c4: ;   {other}
  0x000001a1a4a901c4: 0f1f 8400 | b405 0007 | e90a 0000 

  0x000001a1a4a901d0: ;   {oop(nullptr)}
  0x000001a1a4a901d0: 0048 b800 | 0000 0000 | 0000 0048 | 85c0 0f84 | 0601 0000 | 4889 8424 | b800 0000 | 488b 9424 
  0x000001a1a4a901f0: 9800 0000 | 9048 b8ff | ffff ffff 

  0x000001a1a4a901fc: ;   {virtual_call}
  0x000001a1a4a901fc: ffff ffe8 

  0x000001a1a4a90200: ; ImmutableOopMap {[144]=Oop [160]=Oop [168]=Oop [184]=Oop }
                      ;*invokevirtual getCodeSigners {reexecute=0 rethrow=0 return_oop=0}
                      ; - jdk.internal.loader.BuiltinClassLoader::defineClass@56 (line 855)
  0x000001a1a4a90200: 7ceb beff 

  0x000001a1a4a90204: ;   {other}
  0x000001a1a4a90204: 0f1f 8400 | f405 0008 

  0x000001a1a4a9020c: ;   {metadata('java/security/CodeSource')}
  0x000001a1a4a9020c: 4c8b c848 | bad8 5a00 | ada1 0100 | 0049 8b87 | b801 0000 | 488d 7828 | 493b bfc8 | 0100 000f 
  0x000001a1a4a9022c: 87c1 0200 | 0049 89bf | b801 0000 | 48c7 0001 | 0000 0048 | 8bca 49ba | 0000 00ad | a101 0000 
  0x000001a1a4a9024c: 492b ca89 | 4808 4833 | c989 480c | 4833 c948 | 8948 1048 | 8948 1848 | 8948 204c | 8b84 24a8 
  0x000001a1a4a9026c: 0000 0048 | 8bd0 4889 | 8424 c000 | 0000 0f1f 

  0x000001a1a4a9027c: ;   {optimized virtual_call}
  0x000001a1a4a9027c: 4400 00e8 

  0x000001a1a4a90280: ; ImmutableOopMap {[144]=Oop [160]=Oop [184]=Oop [192]=Oop }
                      ;*invokespecial <init> {reexecute=0 rethrow=0 return_oop=0}
                      ; - jdk.internal.loader.BuiltinClassLoader::defineClass@68 (line 856)
  0x000001a1a4a90280: fce7 beff 

  0x000001a1a4a90284: ;   {other}
  0x000001a1a4a90284: 0f1f 8400 | 7406 0009 | 4c8b 8424 | c000 0000 | 488b 9424 | a000 0000 

  0x000001a1a4a9029c: ;   {optimized virtual_call}
  0x000001a1a4a9029c: 6666 90e8 

  0x000001a1a4a902a0: ; ImmutableOopMap {[144]=Oop [160]=Oop [184]=Oop }
                      ;*invokevirtual getProtectionDomain {reexecute=0 rethrow=0 return_oop=0}
                      ; - java.security.SecureClassLoader::defineClass@5 (line 182)
                      ; - jdk.internal.loader.BuiltinClassLoader::defineClass@79 (line 857)
  0x000001a1a4a902a0: dce7 beff 

  0x000001a1a4a902a4: ;   {other}
  0x000001a1a4a902a4: 0f1f 8400 | 9406 000a | 4c8b 8424 | 9000 0000 | 4c8b 8c24 | b800 0000 | 488b f848 | 8b94 24a0 
  0x000001a1a4a902c4: ;   {optimized virtual_call}
  0x000001a1a4a902c4: 0000 00e8 

  0x000001a1a4a902c8: ; ImmutableOopMap {}
                      ;*invokevirtual defineClass {reexecute=0 rethrow=0 return_oop=0}
                      ; - java.security.SecureClassLoader::defineClass@8 (line 182)
                      ; - jdk.internal.loader.BuiltinClassLoader::defineClass@79 (line 857)
  0x000001a1a4a902c8: b4e7 beff 

  0x000001a1a4a902cc: ;   {other}
  0x000001a1a4a902cc: 0f1f 8400 | bc06 000b | 4881 c400 | 0100 005d 

  0x000001a1a4a902dc: ;   {poll_return}
  0x000001a1a4a902dc: 493b a750 | 0400 000f | 8716 0200 | 00c3 4c8b | 8c24 9800 | 0000 498b | d148 b8ff | ffff ffff 
  0x000001a1a4a902fc: ;   {virtual_call}
  0x000001a1a4a902fc: ffff ffe8 

  0x000001a1a4a90300: ; ImmutableOopMap {[144]=Oop [152]=Oop [160]=Oop [168]=Oop }
                      ;*invokevirtual getBytes {reexecute=0 rethrow=0 return_oop=0}
                      ; - jdk.internal.loader.BuiltinClassLoader::defineClass@84 (line 859)
  0x000001a1a4a90300: ccd6 caff 

  0x000001a1a4a90304: ;   {other}
  0x000001a1a4a90304: 0f1f 8400 | f406 000c | 4889 8424 | c800 0000 | 488b 9424 | 9800 0000 | 9048 b8ff | ffff ffff 
  0x000001a1a4a90324: ;   {virtual_call}
  0x000001a1a4a90324: ffff ffe8 

  0x000001a1a4a90328: ; ImmutableOopMap {[144]=Oop [160]=Oop [168]=Oop [200]=Oop }
                      ;*invokevirtual getCodeSigners {reexecute=0 rethrow=0 return_oop=0}
                      ; - jdk.internal.loader.BuiltinClassLoader::defineClass@90 (line 860)
  0x000001a1a4a90328: d4d6 caff 

  0x000001a1a4a9032c: ;   {other}
  0x000001a1a4a9032c: 0f1f 8400 | 1c07 000d 

  0x000001a1a4a90334: ;   {metadata('java/security/CodeSource')}
  0x000001a1a4a90334: 4c8b c848 | bad8 5a00 | ada1 0100 | 0049 8b87 | b801 0000 | 488d 7828 | 493b bfc8 | 0100 000f 
  0x000001a1a4a90354: 87bc 0100 | 0049 89bf | b801 0000 | 48c7 0001 | 0000 0048 | 8bca 49ba | 0000 00ad | a101 0000 
  0x000001a1a4a90374: 492b ca89 | 4808 4833 | c989 480c | 4833 c948 | 8948 1048 | 8948 1848 | 8948 204c | 8b84 24a8 
  0x000001a1a4a90394: 0000 0048 | 8bd0 4889 | 8424 d000 | 0000 0f1f 

  0x000001a1a4a903a4: ;   {optimized virtual_call}
  0x000001a1a4a903a4: 4400 00e8 

  0x000001a1a4a903a8: ; ImmutableOopMap {[144]=Oop [160]=Oop [200]=Oop [208]=Oop }
                      ;*invokespecial <init> {reexecute=0 rethrow=0 return_oop=0}
                      ; - jdk.internal.loader.BuiltinClassLoader::defineClass@102 (line 861)
  0x000001a1a4a903a8: 5448 0000 

  0x000001a1a4a903ac: ;   {other}
  0x000001a1a4a903ac: 0f1f 8400 | 9c07 000e | 488b 8424 | c800 0000 

  0x000001a1a4a903bc: ; implicit exception: dispatches to 0x000001a1a4a90522
  0x000001a1a4a903bc: 8b70 0c4c | 8b84 24d0 | 0000 0048 | 8b94 24a0 | 0000 0089 | b424 d800 

  0x000001a1a4a903d4: ;   {optimized virtual_call}
  0x000001a1a4a903d4: 0000 90e8 

  0x000001a1a4a903d8: ; ImmutableOopMap {[144]=Oop [160]=Oop [200]=Oop }
                      ;*invokevirtual getProtectionDomain {reexecute=0 rethrow=0 return_oop=0}
                      ; - java.security.SecureClassLoader::defineClass@9 (line 150)
                      ; - jdk.internal.loader.BuiltinClassLoader::defineClass@117 (line 862)
  0x000001a1a4a903d8: 248c 0200 

  0x000001a1a4a903dc: ;   {other}
  0x000001a1a4a903dc: 0f1f 8400 | cc07 000f | 4c8b 8424 | 9000 0000 | 4c8b 8c24 | c800 0000 | bf00 0000 | 008b b424 
  0x000001a1a4a903fc: d800 0000 | 488b c848 | 8b94 24a0 | 0000 000f 

  0x000001a1a4a9040c: ;   {optimized virtual_call}
  0x000001a1a4a9040c: 1f40 00e8 

  0x000001a1a4a90410: ; ImmutableOopMap {}
                      ;*invokevirtual defineClass {reexecute=0 rethrow=0 return_oop=0}
                      ; - java.security.SecureClassLoader::defineClass@12 (line 150)
                      ; - jdk.internal.loader.BuiltinClassLoader::defineClass@117 (line 862)
  0x000001a1a4a90410: 6c95 0200 

  0x000001a1a4a90414: ;   {other}
  0x000001a1a4a90414: 0f1f 8400 | 0408 0010 | 4881 c400 | 0100 005d 

  0x000001a1a4a90424: ;   {poll_return}
  0x000001a1a4a90424: 493b a750 | 0400 000f | 87f6 0000 | 00c3 498b | 8700 0500 | 004d 33d2 | 4d89 9700 | 0500 004d 
  0x000001a1a4a90444: 33d2 4d89 | 9708 0500 | 0048 8bf0 | 488d 8424 | e000 0000 | 488b 3848 | 85ff 0f84 | 0f00 0000 
  0x000001a1a4a90464: 488b 5808 | f048 0fb1 | 3b0f 85ca | 0000 0049 | ff8f 5005 | 0000 488b | c6e9 ee00 

  0x000001a1a4a90480: ;   {runtime_call throw_null_pointer_exception Runtime1 stub}
  0x000001a1a4a90480: 0000 e8f9 

  0x000001a1a4a90484: ; ImmutableOopMap {rax=Oop r8=Oop [144]=Oop [152]=Oop [160]=Oop [168]=Oop }
                      ;*invokevirtual lastIndexOf {reexecute=0 rethrow=0 return_oop=0}
                      ; - jdk.internal.loader.BuiltinClassLoader::defineClass@8 (line 845)
                      ;   {runtime_call throw_null_pointer_exception Runtime1 stub}
  0x000001a1a4a90484: f7c9 ffe8 

  0x000001a1a4a90488: ; ImmutableOopMap {rax=Oop r8=Oop rsi=Oop [144]=Oop [152]=Oop [160]=Oop [168]=Oop }
                      ;*arraylength {reexecute=0 rethrow=0 return_oop=0}
                      ; - java.lang.String::length@4 (line 1508)
                      ; - java.lang.String::lastIndexOf@3 (line 2524)
                      ; - jdk.internal.loader.BuiltinClassLoader::defineClass@8 (line 845)
  0x000001a1a4a90488: f4f7 c9ff | 4c89 4c24 | 0848 8914 

  0x000001a1a4a90494: ;   {runtime_call monitorenter_nofpu Runtime1 stub}
  0x000001a1a4a90494: 24e8 6631 

  0x000001a1a4a90498: ; ImmutableOopMap {r9=Oop [144]=Oop [152]=Oop [160]=Oop [168]=Oop [232]=Oop }
                      ;*synchronization entry
                      ; - jdk.internal.loader.Resource::cachedInputStream@-1 (line 76)
                      ; - jdk.internal.loader.Resource::getByteBuffer@1 (line 163)
                      ; - jdk.internal.loader.BuiltinClassLoader::defineClass@45 (line 853)
  0x000001a1a4a90498: caff e9d7 | fbff ff41 | 8b51 0c48 | 83fa 000f | 840c fcff | ff48 8914 

  0x000001a1a4a904b0: ;   {runtime_call g1_pre_barrier_slow}
  0x000001a1a4a904b0: 24e8 ca78 | caff e9fe | fbff ff48 | 83f8 000f | 840f fcff | ff4c 890c 

  0x000001a1a4a904c8: ;   {runtime_call g1_post_barrier_slow}
  0x000001a1a4a904c8: 24e8 3280 | caff e901 | fcff ff48 | 8d84 24e0 | 0000 0048 

  0x000001a1a4a904dc: ;   {runtime_call monitorexit_nofpu Runtime1 stub}
  0x000001a1a4a904dc: 8904 24e8 | 9c3b caff | e919 fcff | ff48 8914 

  0x000001a1a4a904ec: ;   {runtime_call throw_class_cast_exception Runtime1 stub}
  0x000001a1a4a904ec: 24e8 0e25 

  0x000001a1a4a904f0: ; ImmutableOopMap {[144]=Oop [152]=Oop [160]=Oop [168]=Oop }
                      ;*checkcast {reexecute=0 rethrow=0 return_oop=0}
                      ; - jdk.internal.loader.Resource::getByteBuffer@13 (line 165)
                      ; - jdk.internal.loader.BuiltinClassLoader::defineClass@45 (line 853)
  0x000001a1a4a904f0: caff 488b 

  0x000001a1a4a904f4: ;   {runtime_call fast_new_instance Runtime1 stub}
  0x000001a1a4a904f4: d2e8 060a 

  0x000001a1a4a904f8: ; ImmutableOopMap {r9=Oop [144]=Oop [160]=Oop [168]=Oop [184]=Oop }
                      ;*new {reexecute=0 rethrow=0 return_oop=0}
                      ; - jdk.internal.loader.BuiltinClassLoader::defineClass@61 (line 856)
  0x000001a1a4a904f8: caff e968 

  0x000001a1a4a904fc: ;   {internal_word}
  0x000001a1a4a904fc: fdff ff49 | badc 02a9 | a4a1 0100 | 004d 8997 | 6804 0000 

  0x000001a1a4a90510: ;   {runtime_call SafepointBlob}
  0x000001a1a4a90510: e9eb 51bf | ff48 8bd2 

  0x000001a1a4a90518: ;   {runtime_call fast_new_instance Runtime1 stub}
  0x000001a1a4a90518: e8e3 09ca 

  0x000001a1a4a9051c: ; ImmutableOopMap {r9=Oop [144]=Oop [160]=Oop [168]=Oop [200]=Oop }
                      ;*new {reexecute=0 rethrow=0 return_oop=0}
                      ; - jdk.internal.loader.BuiltinClassLoader::defineClass@95 (line 861)
  0x000001a1a4a9051c: ffe9 6dfe 

  0x000001a1a4a90520: ;   {runtime_call throw_null_pointer_exception Runtime1 stub}
  0x000001a1a4a90520: ffff e859 

  0x000001a1a4a90524: ; ImmutableOopMap {rax=Oop [144]=Oop [160]=Oop [200]=Oop [208]=Oop }
                      ;*arraylength {reexecute=0 rethrow=0 return_oop=0}
                      ; - jdk.internal.loader.BuiltinClassLoader::defineClass@114 (line 862)
                      ;   {internal_word}
  0x000001a1a4a90524: f7c9 ff49 | ba24 04a9 | a4a1 0100 | 004d 8997 | 6804 0000 

  0x000001a1a4a90538: ;   {runtime_call SafepointBlob}
  0x000001a1a4a90538: e9c3 51bf | ff48 8d84 | 24e0 0000 | 0048 8904 

  0x000001a1a4a90548: ;   {runtime_call monitorexit_nofpu Runtime1 stub}
  0x000001a1a4a90548: 24e8 323b | caff e927 | ffff ff49 | 8b87 0005 | 0000 49c7 | 8700 0500 | 0000 0000 | 0049 c787 
  0x000001a1a4a90568: 0805 0000 | 0000 0000 | 4881 c400 | 0100 005d 

  0x000001a1a4a90578: ;   {runtime_call unwind_exception Runtime1 stub}
  0x000001a1a4a90578: e903 e8c9 | fff4 f4f4 
[Stub Code]
  0x000001a1a4a90580: ;   {no_reloc}
  0x000001a1a4a90580: 0f1f 4400 

  0x000001a1a4a90584: ;   {static_stub}
  0x000001a1a4a90584: 0048 bb00 | 0000 0000 

  0x000001a1a4a9058c: ;   {runtime_call}
  0x000001a1a4a9058c: 0000 00e9 | fbff ffff 

  0x000001a1a4a90594: ;   {static_stub}
  0x000001a1a4a90594: 9048 bb00 | 0000 0000 

  0x000001a1a4a9059c: ;   {runtime_call}
  0x000001a1a4a9059c: 0000 00e9 | fbff ffff 

  0x000001a1a4a905a4: ;   {static_stub}
  0x000001a1a4a905a4: 9048 bb00 | 0000 0000 

  0x000001a1a4a905ac: ;   {runtime_call}
  0x000001a1a4a905ac: 0000 00e9 | fbff ffff 

  0x000001a1a4a905b4: ;   {static_stub}
  0x000001a1a4a905b4: 9048 bb00 | 0000 0000 

  0x000001a1a4a905bc: ;   {runtime_call}
  0x000001a1a4a905bc: 0000 00e9 | fbff ffff 

  0x000001a1a4a905c4: ;   {static_stub}
  0x000001a1a4a905c4: 9048 bb00 | 0000 0000 

  0x000001a1a4a905cc: ;   {runtime_call}
  0x000001a1a4a905cc: 0000 00e9 | fbff ffff 

  0x000001a1a4a905d4: ;   {static_stub}
  0x000001a1a4a905d4: 9048 bb00 | 0000 0000 

  0x000001a1a4a905dc: ;   {runtime_call}
  0x000001a1a4a905dc: 0000 00e9 | fbff ffff 

  0x000001a1a4a905e4: ;   {static_stub}
  0x000001a1a4a905e4: 9048 bb00 | 0000 0000 

  0x000001a1a4a905ec: ;   {runtime_call}
  0x000001a1a4a905ec: 0000 00e9 | fbff ffff 

  0x000001a1a4a905f4: ;   {static_stub}
  0x000001a1a4a905f4: 9048 bb00 | 0000 0000 

  0x000001a1a4a905fc: ;   {runtime_call}
  0x000001a1a4a905fc: 0000 00e9 | fbff ffff 

  0x000001a1a4a90604: ;   {static_stub}
  0x000001a1a4a90604: 48bb 0000 | 0000 0000 

  0x000001a1a4a9060c: ;   {runtime_call}
  0x000001a1a4a9060c: 0000 e9fb 

  0x000001a1a4a90610: ;   {static_stub}
  0x000001a1a4a90610: ffff ff48 | bb00 0000 | 0000 0000 

  0x000001a1a4a9061c: ;   {runtime_call}
  0x000001a1a4a9061c: 00e9 fbff 

  0x000001a1a4a90620: ;   {static_stub}
  0x000001a1a4a90620: ffff 48bb | 0000 0000 | 0000 0000 

  0x000001a1a4a9062c: ;   {runtime_call}
  0x000001a1a4a9062c: e9fb ffff 

  0x000001a1a4a90630: ;   {static_stub}
  0x000001a1a4a90630: ff48 bb00 | 0000 0000 

  0x000001a1a4a90638: ;   {runtime_call}
  0x000001a1a4a90638: 0000 00e9 | fbff ffff 

  0x000001a1a4a90640: ;   {static_stub}
  0x000001a1a4a90640: 48bb 08d4 | 04ad a101 

  0x000001a1a4a90648: ;   {runtime_call I2C/C2I adapters}
  0x000001a1a4a90648: 0000 e998 

  0x000001a1a4a9064c: ;   {static_stub}
  0x000001a1a4a9064c: 3bbf ff48 | bb00 0000 | 0000 0000 

  0x000001a1a4a90658: ;   {runtime_call}
  0x000001a1a4a90658: 00e9 fbff 

  0x000001a1a4a9065c: ;   {static_stub}
  0x000001a1a4a9065c: ffff 48bb | a8a8 43ad | a101 0000 

  0x000001a1a4a90668: ;   {runtime_call I2C/C2I adapters}
  0x000001a1a4a90668: e908 0bbe 

  0x000001a1a4a9066c: ;   {runtime_call handle_exception_from_callee Runtime1 stub}
  0x000001a1a4a9066c: ffe8 8e1d 

  0x000001a1a4a90670: ;   {external_word}
  0x000001a1a4a90670: caff 48b9 | 1009 c538 | fb7f 0000 | 4883 e4f0 

  0x000001a1a4a90680: ;   {runtime_call}
  0x000001a1a4a90680: 48b8 708b | 8c38 fb7f | 0000 ffd0 

  0x000001a1a4a9068c: ;   {section_word}
  0x000001a1a4a9068c: f449 ba8d | 06a9 a4a1 | 0100 0041 

  0x000001a1a4a90698: ;   {runtime_call DeoptimizationBlob}
  0x000001a1a4a90698: 52e9 0243 | bfff f4f4 
[/MachCode]


---------------  P R O C E S S  ---------------

Threads class SMR info:
_java_thread_list=0x000001a1fa4a19f0, length=53, elements={
0x000001a1ac8c7c30, 0x000001a1ac8ca7a0, 0x000001a1ac8cb460, 0x000001a1ac8cd6f0,
0x000001a1ac8ce150, 0x000001a1ac8d0bc0, 0x000001a1ac8d1620, 0x000001a1acb99de0,
0x000001a1f2575100, 0x000001a1f2575770, 0x000001a1f269b2f0, 0x000001a1f2f088a0,
0x000001a1f2eb25a0, 0x000001a1f3f9d230, 0x000001a1f40681c0, 0x000001a1f4068830,
0x000001a1f42103f0, 0x000001a1f43a0d60, 0x000001a1f2c632e0, 0x000001a1f2c64000,
0x000001a1f5ad6850, 0x000001a1f5ad8290, 0x000001a1f5ad7570, 0x000001a1f5ad8920,
0x000001a1f5ad8fb0, 0x000001a1f5ad9640, 0x000001a1f5ad9cd0, 0x000001a1f5ada360,
0x000001a1f5ad6ee0, 0x000001a1f5ada9f0, 0x000001a1f5adb080, 0x000001a1f5ad7c00,
0x000001a1f5adc430, 0x000001a1f5adcac0, 0x000001a1f5add150, 0x000001a1f5adde70,
0x000001a1f5adb710, 0x000001a1f5adbda0, 0x000001a1f5add7e0, 0x000001a1fa0ff530,
0x000001a1fa0fcdd0, 0x000001a1fa0fc0b0, 0x000001a1fa0ffbc0, 0x000001a1fa0fc740,
0x000001a1fa0fe810, 0x000001a1fa100250, 0x000001a1fa1008e0, 0x000001a1fa0fd460,
0x000001a1fa0feea0, 0x000001a1fa100f70, 0x000001a1fa0fdaf0, 0x000001a1fa101600,
0x000001a1fa0fe180
}

Java Threads: ( => current thread )
  0x000001a1ac8c7c30 JavaThread "Reference Handler"          daemon [_thread_blocked, id=21996, stack(0x00000069f9300000,0x00000069f9400000) (1024K)]
  0x000001a1ac8ca7a0 JavaThread "Finalizer"                  daemon [_thread_blocked, id=10748, stack(0x00000069f9400000,0x00000069f9500000) (1024K)]
  0x000001a1ac8cb460 JavaThread "Signal Dispatcher"          daemon [_thread_blocked, id=11648, stack(0x00000069f9500000,0x00000069f9600000) (1024K)]
  0x000001a1ac8cd6f0 JavaThread "Attach Listener"            daemon [_thread_blocked, id=6232, stack(0x00000069f9600000,0x00000069f9700000) (1024K)]
  0x000001a1ac8ce150 JavaThread "Service Thread"             daemon [_thread_blocked, id=22368, stack(0x00000069f9700000,0x00000069f9800000) (1024K)]
  0x000001a1ac8d0bc0 JavaThread "Monitor Deflation Thread"   daemon [_thread_blocked, id=4064, stack(0x00000069f9800000,0x00000069f9900000) (1024K)]
  0x000001a1ac8d1620 JavaThread "C1 CompilerThread0"         daemon [_thread_blocked, id=11120, stack(0x00000069f9900000,0x00000069f9a00000) (1024K)]
  0x000001a1acb99de0 JavaThread "Common-Cleaner"             daemon [_thread_blocked, id=12116, stack(0x00000069f9c00000,0x00000069f9d00000) (1024K)]
  0x000001a1f2575100 JavaThread "Monitor Ctrl-Break"         daemon [_thread_in_native, id=22456, stack(0x00000069f9d00000,0x00000069f9e00000) (1024K)]
  0x000001a1f2575770 JavaThread "Notification Thread"        daemon [_thread_blocked, id=10768, stack(0x00000069f9e00000,0x00000069f9f00000) (1024K)]
  0x000001a1f269b2f0 JavaThread "RMI TCP Accept-0"           daemon [_thread_in_native, id=17480, stack(0x00000069f9f00000,0x00000069fa000000) (1024K)]
  0x000001a1f2f088a0 JavaThread "RMI TCP Connection(2)-10.157.178.104" daemon [_thread_in_native, id=21676, stack(0x00000069fa600000,0x00000069fa700000) (1024K)]
  0x000001a1f2eb25a0 JavaThread "RMI Scheduler(0)"           daemon [_thread_blocked, id=1680, stack(0x00000069fa700000,0x00000069fa800000) (1024K)]
  0x000001a1f3f9d230 JavaThread "Catalina-utility-1"                [_thread_blocked, id=7892, stack(0x00000069fa900000,0x00000069faa00000) (1024K)]
  0x000001a1f40681c0 JavaThread "Catalina-utility-2"                [_thread_blocked, id=16404, stack(0x00000069fac00000,0x00000069fad00000) (1024K)]
  0x000001a1f4068830 JavaThread "container-0"                       [_thread_blocked, id=20824, stack(0x00000069fad00000,0x00000069fae00000) (1024K)]
  0x000001a1f42103f0 JavaThread "Cleaner-0"                  daemon [_thread_blocked, id=16168, stack(0x00000069faf00000,0x00000069fb000000) (1024K)]
  0x000001a1f43a0d60 JavaThread "HikariPool-1:housekeeper"   daemon [_thread_blocked, id=14176, stack(0x00000069fb000000,0x00000069fb100000) (1024K)]
  0x000001a1f2c632e0 JavaThread "Cleaner-1"                  daemon [_thread_blocked, id=22388, stack(0x00000069fb200000,0x00000069fb300000) (1024K)]
  0x000001a1f2c64000 JavaThread "DefaultSleeper"             daemon [_thread_blocked, id=21088, stack(0x00000069fb300000,0x00000069fb400000) (1024K)]
  0x000001a1f5ad6850 JavaThread "DefaultSleeper"             daemon [_thread_blocked, id=19668, stack(0x00000069fb400000,0x00000069fb500000) (1024K)]
  0x000001a1f5ad8290 JavaThread "boundedElastic-evictor-1"   daemon [_thread_blocked, id=10864, stack(0x00000069fb500000,0x00000069fb600000) (1024K)]
  0x000001a1f5ad7570 JavaThread "DefaultSleeper"             daemon [_thread_blocked, id=144, stack(0x00000069fb600000,0x00000069fb700000) (1024K)]
  0x000001a1f5ad8920 JavaThread "DefaultSleeper"             daemon [_thread_blocked, id=2404, stack(0x00000069fb700000,0x00000069fb800000) (1024K)]
  0x000001a1f5ad8fb0 JavaThread "DefaultSleeper"             daemon [_thread_blocked, id=8584, stack(0x00000069fb800000,0x00000069fb900000) (1024K)]
  0x000001a1f5ad9640 JavaThread "DefaultSleeper"             daemon [_thread_blocked, id=2108, stack(0x00000069fb900000,0x00000069fba00000) (1024K)]
  0x000001a1f5ad9cd0 JavaThread "DefaultSleeper"             daemon [_thread_blocked, id=14496, stack(0x00000069fba00000,0x00000069fbb00000) (1024K)]
  0x000001a1f5ada360 JavaThread "DefaultSleeper"             daemon [_thread_blocked, id=22096, stack(0x00000069fbb00000,0x00000069fbc00000) (1024K)]
  0x000001a1f5ad6ee0 JavaThread "http-nio-8080-exec-1"       daemon [_thread_blocked, id=16552, stack(0x00000069fbc00000,0x00000069fbd00000) (1024K)]
  0x000001a1f5ada9f0 JavaThread "http-nio-8080-exec-2"       daemon [_thread_blocked, id=10580, stack(0x00000069fbd00000,0x00000069fbe00000) (1024K)]
=>0x000001a1f5adb080 JavaThread "http-nio-8080-exec-3"       daemon [_thread_in_vm, id=8676, stack(0x00000069fbe00000,0x00000069fbf00000) (1024K)]
  0x000001a1f5ad7c00 JavaThread "http-nio-8080-exec-4"       daemon [_thread_blocked, id=7056, stack(0x00000069fbf00000,0x00000069fc000000) (1024K)]
  0x000001a1f5adc430 JavaThread "http-nio-8080-exec-5"       daemon [_thread_blocked, id=20924, stack(0x00000069fc000000,0x00000069fc100000) (1024K)]
  0x000001a1f5adcac0 JavaThread "http-nio-8080-exec-6"       daemon [_thread_blocked, id=20116, stack(0x00000069fc100000,0x00000069fc200000) (1024K)]
  0x000001a1f5add150 JavaThread "http-nio-8080-exec-7"       daemon [_thread_blocked, id=20464, stack(0x00000069fc200000,0x00000069fc300000) (1024K)]
  0x000001a1f5adde70 JavaThread "http-nio-8080-exec-8"       daemon [_thread_blocked, id=6072, stack(0x00000069fc300000,0x00000069fc400000) (1024K)]
  0x000001a1f5adb710 JavaThread "http-nio-8080-exec-9"       daemon [_thread_blocked, id=20620, stack(0x00000069fc400000,0x00000069fc500000) (1024K)]
  0x000001a1f5adbda0 JavaThread "http-nio-8080-exec-10"      daemon [_thread_blocked, id=20020, stack(0x00000069fc500000,0x00000069fc600000) (1024K)]
  0x000001a1f5add7e0 JavaThread "http-nio-8080-Poller"       daemon [_thread_in_native, id=4648, stack(0x00000069fc600000,0x00000069fc700000) (1024K)]
  0x000001a1fa0ff530 JavaThread "http-nio-8080-Acceptor"     daemon [_thread_in_native, id=11984, stack(0x00000069fc700000,0x00000069fc800000) (1024K)]
  0x000001a1fa0fcdd0 JavaThread "DestroyJavaVM"                     [_thread_blocked, id=13728, stack(0x00000069f8b00000,0x00000069f8c00000) (1024K)]
  0x000001a1fa0fc0b0 JavaThread "boundedElastic-evictor-2"   daemon [_thread_blocked, id=10328, stack(0x00000069f9a00000,0x00000069f9b00000) (1024K)]
  0x000001a1fa0ffbc0 JavaThread "reactor-http-nio-1"         daemon [_thread_in_native, id=2976, stack(0x00000069f9b00000,0x00000069f9c00000) (1024K)]
  0x000001a1fa0fc740 JavaThread "reactor-http-nio-2"         daemon [_thread_in_native, id=4044, stack(0x00000069faa00000,0x00000069fab00000) (1024K)]
  0x000001a1fa0fe810 JavaThread "reactor-http-nio-3"         daemon [_thread_in_native, id=21216, stack(0x00000069fb100000,0x00000069fb200000) (1024K)]
  0x000001a1fa100250 JavaThread "reactor-http-nio-4"         daemon [_thread_in_native, id=12692, stack(0x00000069fc800000,0x00000069fc900000) (1024K)]
  0x000001a1fa1008e0 JavaThread "reactor-http-nio-5"         daemon [_thread_in_native, id=22224, stack(0x00000069fc900000,0x00000069fca00000) (1024K)]
  0x000001a1fa0fd460 JavaThread "reactor-http-nio-6"         daemon [_thread_in_native, id=18532, stack(0x00000069fca00000,0x00000069fcb00000) (1024K)]
  0x000001a1fa0feea0 JavaThread "reactor-http-nio-7"         daemon [_thread_in_native, id=824, stack(0x00000069fcb00000,0x00000069fcc00000) (1024K)]
  0x000001a1fa100f70 JavaThread "reactor-http-nio-8"         daemon [_thread_in_native, id=20328, stack(0x00000069fcc00000,0x00000069fcd00000) (1024K)]
  0x000001a1fa0fdaf0 JavaThread "Jndi-Dns-address-change-listener" daemon [_thread_in_native, id=6300, stack(0x00000069fcd00000,0x00000069fce00000) (1024K)]
  0x000001a1fa101600 JavaThread "boundedElastic-1"           daemon [_thread_blocked, id=9244, stack(0x00000069fcf00000,0x00000069fd000000) (1024K)]
  0x000001a1fa0fe180 JavaThread "Keep-Alive-Timer"           daemon [_thread_blocked, id=2984, stack(0x00000069fce00000,0x00000069fcf00000) (1024K)]
Total: 53

Other Threads:
  0x000001a1ac8a6860 VMThread "VM Thread"                           [id=18328, stack(0x00000069f9200000,0x00000069f9300000) (1024K)]
  0x000001a1ac895760 WatcherThread "VM Periodic Task Thread"        [id=2304, stack(0x00000069f9100000,0x00000069f9200000) (1024K)]
  0x000001a19c1f21e0 WorkerThread "GC Thread#0"                     [id=14240, stack(0x00000069f8c00000,0x00000069f8d00000) (1024K)]
  0x000001a1f27925b0 WorkerThread "GC Thread#1"                     [id=1200, stack(0x00000069fa000000,0x00000069fa100000) (1024K)]
  0x000001a1f2792960 WorkerThread "GC Thread#2"                     [id=20540, stack(0x00000069fa100000,0x00000069fa200000) (1024K)]
  0x000001a1f275fc40 WorkerThread "GC Thread#3"                     [id=6748, stack(0x00000069fa200000,0x00000069fa300000) (1024K)]
  0x000001a1f2766e90 WorkerThread "GC Thread#4"                     [id=17564, stack(0x00000069fa300000,0x00000069fa400000) (1024K)]
  0x000001a1f2767240 WorkerThread "GC Thread#5"                     [id=1888, stack(0x00000069fa400000,0x00000069fa500000) (1024K)]
  0x000001a1f27ca400 WorkerThread "GC Thread#6"                     [id=17108, stack(0x00000069fa500000,0x00000069fa600000) (1024K)]
  0x000001a1f30e3910 WorkerThread "GC Thread#7"                     [id=14248, stack(0x00000069fa800000,0x00000069fa900000) (1024K)]
  0x000001a19c202ef0 ConcurrentGCThread "G1 Main Marker"            [id=4004, stack(0x00000069f8d00000,0x00000069f8e00000) (1024K)]
  0x000001a19c205330 WorkerThread "G1 Conc#0"                       [id=19984, stack(0x00000069f8e00000,0x00000069f8f00000) (1024K)]
  0x000001a1f3621470 WorkerThread "G1 Conc#1"                       [id=21744, stack(0x00000069fab00000,0x00000069fac00000) (1024K)]
  0x000001a1ac769270 ConcurrentGCThread "G1 Refine#0"               [id=14372, stack(0x00000069f8f00000,0x00000069f9000000) (1024K)]
  0x000001a1ac769aa0 ConcurrentGCThread "G1 Service"                [id=2988, stack(0x00000069f9000000,0x00000069f9100000) (1024K)]
Total: 15

Threads with active compile tasks:
Total: 0

VM state: not at safepoint (normal execution)

VM Mutex/Monitor currently owned by a thread:  ([mutex/lock_event])
[0x00007ffb38ee8f50] Metaspace_lock - owner thread: 0x000001a1f5adb080

Heap address: 0x0000000082800000, size: 2008 MB, Compressed Oops mode: 32-bit

CDS archive(s) mapped at: [0x000001a1ad000000-0x000001a1adc90000-0x000001a1adc90000), size 13172736, SharedBaseAddress: 0x000001a1ad000000, ArchiveRelocationMode: 1.
Compressed class space mapped at: 0x000001a1ae000000-0x000001a1ee000000, reserved size: 1073741824
Narrow klass base: 0x000001a1ad000000, Narrow klass shift: 0, Narrow klass range: 0x100000000

GC Precious Log:
 CardTable entry size: 512
 Card Set container configuration: InlinePtr #cards 5 size 8 Array Of Cards #cards 12 size 40 Howl #buckets 4 coarsen threshold 1843 Howl Bitmap #cards 512 size 80 coarsen threshold 460 Card regions per heap region 1 cards per card region 2048
 CPUs: 8 total, 8 available
 Memory: 8029M
 Large Page Support: Disabled
 NUMA Support: Disabled
 Compressed Oops: Enabled (32-bit)
 Heap Region Size: 1M
 Heap Min Capacity: 8M
 Heap Initial Capacity: 126M
 Heap Max Capacity: 2008M
 Pre-touch: Disabled
 Parallel Workers: 8
 Concurrent Workers: 2
 Concurrent Refinement Workers: 8
 Periodic GC: Disabled

Heap:
 garbage-first heap   total 359424K, used 197713K [0x0000000082800000, 0x0000000100000000)
  region size 1024K, 98 young (100352K), 4 survivors (4096K)
 Metaspace       used 97923K, committed 98880K, reserved 1179648K
  class space    used 13448K, committed 13888K, reserved 1048576K

Heap Regions: E=young(eden), S=young(survivor), O=old, HS=humongous(starts), HC=humongous(continues), CS=collection set, F=free, TAMS=top-at-mark-start, PB=parsable bottom
|   0|0x0000000082800000, 0x0000000082900000, 0x0000000082900000|100%|HS|  |TAMS 0x0000000082800000| PB 0x0000000082800000| Complete 
|   1|0x0000000082900000, 0x0000000082a00000, 0x0000000082a00000|100%|HS|  |TAMS 0x0000000082900000| PB 0x0000000082900000| Complete 
|   2|0x0000000082a00000, 0x0000000082b00000, 0x0000000082b00000|100%|HC|  |TAMS 0x0000000082a00000| PB 0x0000000082a00000| Complete 
|   3|0x0000000082b00000, 0x0000000082c00000, 0x0000000082c00000|100%|HC|  |TAMS 0x0000000082b00000| PB 0x0000000082b00000| Complete 
|   4|0x0000000082c00000, 0x0000000082d00000, 0x0000000082d00000|100%|HC|  |TAMS 0x0000000082c00000| PB 0x0000000082c00000| Complete 
|   5|0x0000000082d00000, 0x0000000082e00000, 0x0000000082e00000|100%| O|  |TAMS 0x0000000082d00000| PB 0x0000000082d00000| Untracked 
|   6|0x0000000082e00000, 0x0000000082f00000, 0x0000000082f00000|100%| O|  |TAMS 0x0000000082e00000| PB 0x0000000082e00000| Untracked 
|   7|0x0000000082f00000, 0x0000000083000000, 0x0000000083000000|100%| O|  |TAMS 0x0000000082f00000| PB 0x0000000082f00000| Untracked 
|   8|0x0000000083000000, 0x0000000083100000, 0x0000000083100000|100%| O|  |TAMS 0x0000000083000000| PB 0x0000000083000000| Untracked 
|   9|0x0000000083100000, 0x0000000083200000, 0x0000000083200000|100%| O|  |TAMS 0x0000000083100000| PB 0x0000000083100000| Untracked 
|  10|0x0000000083200000, 0x0000000083300000, 0x0000000083300000|100%| O|  |TAMS 0x0000000083200000| PB 0x0000000083200000| Untracked 
|  11|0x0000000083300000, 0x0000000083400000, 0x0000000083400000|100%| O|  |TAMS 0x0000000083300000| PB 0x0000000083300000| Untracked 
|  12|0x0000000083400000, 0x0000000083500000, 0x0000000083500000|100%| O|  |TAMS 0x0000000083400000| PB 0x0000000083400000| Untracked 
|  13|0x0000000083500000, 0x0000000083600000, 0x0000000083600000|100%| O|  |TAMS 0x0000000083500000| PB 0x0000000083500000| Untracked 
|  14|0x0000000083600000, 0x0000000083700000, 0x0000000083700000|100%| O|  |TAMS 0x0000000083600000| PB 0x0000000083600000| Untracked 
|  15|0x0000000083700000, 0x0000000083800000, 0x0000000083800000|100%| O|  |TAMS 0x0000000083700000| PB 0x0000000083700000| Untracked 
|  16|0x0000000083800000, 0x0000000083900000, 0x0000000083900000|100%| O|  |TAMS 0x0000000083800000| PB 0x0000000083800000| Untracked 
|  17|0x0000000083900000, 0x0000000083a00000, 0x0000000083a00000|100%| O|  |TAMS 0x0000000083900000| PB 0x0000000083900000| Untracked 
|  18|0x0000000083a00000, 0x0000000083b00000, 0x0000000083b00000|100%| O|  |TAMS 0x0000000083a00000| PB 0x0000000083a00000| Untracked 
|  19|0x0000000083b00000, 0x0000000083c00000, 0x0000000083c00000|100%| O|  |TAMS 0x0000000083b00000| PB 0x0000000083b00000| Untracked 
|  20|0x0000000083c00000, 0x0000000083d00000, 0x0000000083d00000|100%| O|  |TAMS 0x0000000083c00000| PB 0x0000000083c00000| Untracked 
|  21|0x0000000083d00000, 0x0000000083e00000, 0x0000000083e00000|100%| O|  |TAMS 0x0000000083d00000| PB 0x0000000083d00000| Untracked 
|  22|0x0000000083e00000, 0x0000000083f00000, 0x0000000083f00000|100%| O|  |TAMS 0x0000000083e00000| PB 0x0000000083e00000| Untracked 
|  23|0x0000000083f00000, 0x0000000084000000, 0x0000000084000000|100%| O|  |TAMS 0x0000000083f00000| PB 0x0000000083f00000| Untracked 
|  24|0x0000000084000000, 0x0000000084100000, 0x0000000084100000|100%| O|  |TAMS 0x0000000084000000| PB 0x0000000084000000| Untracked 
|  25|0x0000000084100000, 0x0000000084200000, 0x0000000084200000|100%| O|  |TAMS 0x0000000084100000| PB 0x0000000084100000| Untracked 
|  26|0x0000000084200000, 0x0000000084300000, 0x0000000084300000|100%| O|  |TAMS 0x0000000084200000| PB 0x0000000084200000| Untracked 
|  27|0x0000000084300000, 0x0000000084400000, 0x0000000084400000|100%| O|  |TAMS 0x0000000084300000| PB 0x0000000084300000| Untracked 
|  28|0x0000000084400000, 0x0000000084500000, 0x0000000084500000|100%| O|  |TAMS 0x0000000084400000| PB 0x0000000084400000| Untracked 
|  29|0x0000000084500000, 0x0000000084600000, 0x0000000084600000|100%| O|  |TAMS 0x0000000084500000| PB 0x0000000084500000| Untracked 
|  30|0x0000000084600000, 0x0000000084700000, 0x0000000084700000|100%| O|  |TAMS 0x0000000084600000| PB 0x0000000084600000| Untracked 
|  31|0x0000000084700000, 0x0000000084800000, 0x0000000084800000|100%| O|  |TAMS 0x0000000084700000| PB 0x0000000084700000| Untracked 
|  32|0x0000000084800000, 0x0000000084900000, 0x0000000084900000|100%| O|  |TAMS 0x0000000084800000| PB 0x0000000084800000| Untracked 
|  33|0x0000000084900000, 0x0000000084a00000, 0x0000000084a00000|100%| O|  |TAMS 0x0000000084900000| PB 0x0000000084900000| Untracked 
|  34|0x0000000084a00000, 0x0000000084b00000, 0x0000000084b00000|100%| O|  |TAMS 0x0000000084a00000| PB 0x0000000084a00000| Untracked 
|  35|0x0000000084b00000, 0x0000000084c00000, 0x0000000084c00000|100%| O|  |TAMS 0x0000000084b00000| PB 0x0000000084b00000| Untracked 
|  36|0x0000000084c00000, 0x0000000084d00000, 0x0000000084d00000|100%| O|  |TAMS 0x0000000084c00000| PB 0x0000000084c00000| Untracked 
|  37|0x0000000084d00000, 0x0000000084e00000, 0x0000000084e00000|100%| O|  |TAMS 0x0000000084d00000| PB 0x0000000084d00000| Untracked 
|  38|0x0000000084e00000, 0x0000000084f00000, 0x0000000084f00000|100%| O|  |TAMS 0x0000000084e00000| PB 0x0000000084e00000| Untracked 
|  39|0x0000000084f00000, 0x0000000085000000, 0x0000000085000000|100%| O|  |TAMS 0x0000000084f00000| PB 0x0000000084f00000| Untracked 
|  40|0x0000000085000000, 0x0000000085100000, 0x0000000085100000|100%| O|  |TAMS 0x0000000085000000| PB 0x0000000085000000| Untracked 
|  41|0x0000000085100000, 0x0000000085200000, 0x0000000085200000|100%|HS|  |TAMS 0x0000000085100000| PB 0x0000000085100000| Complete 
|  42|0x0000000085200000, 0x0000000085300000, 0x0000000085300000|100%|HC|  |TAMS 0x0000000085200000| PB 0x0000000085200000| Complete 
|  43|0x0000000085300000, 0x0000000085400000, 0x0000000085400000|100%| O|  |TAMS 0x0000000085300000| PB 0x0000000085300000| Untracked 
|  44|0x0000000085400000, 0x0000000085500000, 0x0000000085500000|100%| O|  |TAMS 0x0000000085400000| PB 0x0000000085400000| Untracked 
|  45|0x0000000085500000, 0x0000000085600000, 0x0000000085600000|100%| O|  |TAMS 0x0000000085500000| PB 0x0000000085500000| Untracked 
|  46|0x0000000085600000, 0x0000000085700000, 0x0000000085700000|100%| O|  |TAMS 0x0000000085600000| PB 0x0000000085600000| Untracked 
|  47|0x0000000085700000, 0x0000000085800000, 0x0000000085800000|100%| O|  |TAMS 0x0000000085700000| PB 0x0000000085700000| Untracked 
|  48|0x0000000085800000, 0x0000000085900000, 0x0000000085900000|100%| O|  |TAMS 0x0000000085800000| PB 0x0000000085800000| Untracked 
|  49|0x0000000085900000, 0x0000000085a00000, 0x0000000085a00000|100%| O|  |TAMS 0x0000000085900000| PB 0x0000000085900000| Untracked 
|  50|0x0000000085a00000, 0x0000000085b00000, 0x0000000085b00000|100%| O|  |TAMS 0x0000000085a00000| PB 0x0000000085a00000| Untracked 
|  51|0x0000000085b00000, 0x0000000085c00000, 0x0000000085c00000|100%| O|  |TAMS 0x0000000085b00000| PB 0x0000000085b00000| Untracked 
|  52|0x0000000085c00000, 0x0000000085d00000, 0x0000000085d00000|100%| O|  |TAMS 0x0000000085c00000| PB 0x0000000085c00000| Untracked 
|  53|0x0000000085d00000, 0x0000000085e00000, 0x0000000085e00000|100%| O|  |TAMS 0x0000000085d00000| PB 0x0000000085d00000| Untracked 
|  54|0x0000000085e00000, 0x0000000085f00000, 0x0000000085f00000|100%| O|  |TAMS 0x0000000085e00000| PB 0x0000000085e00000| Untracked 
|  55|0x0000000085f00000, 0x0000000086000000, 0x0000000086000000|100%| O|  |TAMS 0x0000000085f00000| PB 0x0000000085f00000| Untracked 
|  56|0x0000000086000000, 0x0000000086100000, 0x0000000086100000|100%| O|  |TAMS 0x0000000086000000| PB 0x0000000086000000| Untracked 
|  57|0x0000000086100000, 0x0000000086200000, 0x0000000086200000|100%| O|  |TAMS 0x0000000086100000| PB 0x0000000086100000| Untracked 
|  58|0x0000000086200000, 0x0000000086300000, 0x0000000086300000|100%|HS|  |TAMS 0x0000000086200000| PB 0x0000000086200000| Complete 
|  59|0x0000000086300000, 0x0000000086400000, 0x0000000086400000|100%| O|  |TAMS 0x0000000086300000| PB 0x0000000086300000| Untracked 
|  60|0x0000000086400000, 0x0000000086500000, 0x0000000086500000|100%| O|  |TAMS 0x0000000086400000| PB 0x0000000086400000| Untracked 
|  61|0x0000000086500000, 0x0000000086600000, 0x0000000086600000|100%| O|  |TAMS 0x0000000086500000| PB 0x0000000086500000| Untracked 
|  62|0x0000000086600000, 0x0000000086600000, 0x0000000086700000|  0%| F|  |TAMS 0x0000000086600000| PB 0x0000000086600000| Untracked 
|  63|0x0000000086700000, 0x0000000086800000, 0x0000000086800000|100%| O|  |TAMS 0x0000000086700000| PB 0x0000000086700000| Untracked 
|  64|0x0000000086800000, 0x0000000086900000, 0x0000000086900000|100%| O|  |TAMS 0x0000000086800000| PB 0x0000000086800000| Untracked 
|  65|0x0000000086900000, 0x0000000086a00000, 0x0000000086a00000|100%|HS|  |TAMS 0x0000000086900000| PB 0x0000000086900000| Complete 
|  66|0x0000000086a00000, 0x0000000086b00000, 0x0000000086b00000|100%|HC|  |TAMS 0x0000000086a00000| PB 0x0000000086a00000| Complete 
|  67|0x0000000086b00000, 0x0000000086c00000, 0x0000000086c00000|100%| O|  |TAMS 0x0000000086b00000| PB 0x0000000086b00000| Untracked 
|  68|0x0000000086c00000, 0x0000000086d00000, 0x0000000086d00000|100%| O|  |TAMS 0x0000000086c00000| PB 0x0000000086c00000| Untracked 
|  69|0x0000000086d00000, 0x0000000086e00000, 0x0000000086e00000|100%| O|  |TAMS 0x0000000086d00000| PB 0x0000000086d00000| Untracked 
|  70|0x0000000086e00000, 0x0000000086f00000, 0x0000000086f00000|100%| O|  |TAMS 0x0000000086e00000| PB 0x0000000086e00000| Untracked 
|  71|0x0000000086f00000, 0x0000000087000000, 0x0000000087000000|100%| O|  |TAMS 0x0000000086f00000| PB 0x0000000086f00000| Untracked 
|  72|0x0000000087000000, 0x0000000087100000, 0x0000000087100000|100%| O|  |TAMS 0x0000000087000000| PB 0x0000000087000000| Untracked 
|  73|0x0000000087100000, 0x0000000087200000, 0x0000000087200000|100%| O|  |TAMS 0x0000000087100000| PB 0x0000000087100000| Untracked 
|  74|0x0000000087200000, 0x0000000087300000, 0x0000000087300000|100%| O|  |TAMS 0x0000000087200000| PB 0x0000000087200000| Untracked 
|  75|0x0000000087300000, 0x0000000087400000, 0x0000000087400000|100%| O|  |TAMS 0x0000000087300000| PB 0x0000000087300000| Untracked 
|  76|0x0000000087400000, 0x0000000087400000, 0x0000000087500000|  0%| F|  |TAMS 0x0000000087400000| PB 0x0000000087400000| Untracked 
|  77|0x0000000087500000, 0x0000000087600000, 0x0000000087600000|100%| O|  |TAMS 0x0000000087500000| PB 0x0000000087500000| Untracked 
|  78|0x0000000087600000, 0x0000000087700000, 0x0000000087700000|100%|HS|  |TAMS 0x0000000087600000| PB 0x0000000087600000| Complete 
|  79|0x0000000087700000, 0x0000000087800000, 0x0000000087800000|100%|HC|  |TAMS 0x0000000087700000| PB 0x0000000087700000| Complete 
|  80|0x0000000087800000, 0x0000000087900000, 0x0000000087900000|100%| O|  |TAMS 0x0000000087800000| PB 0x0000000087800000| Untracked 
|  81|0x0000000087900000, 0x0000000087a00000, 0x0000000087a00000|100%| O|  |TAMS 0x0000000087900000| PB 0x0000000087900000| Untracked 
|  82|0x0000000087a00000, 0x0000000087a00000, 0x0000000087b00000|  0%| F|  |TAMS 0x0000000087a00000| PB 0x0000000087a00000| Untracked 
|  83|0x0000000087b00000, 0x0000000087c00000, 0x0000000087c00000|100%| O|  |TAMS 0x0000000087b00000| PB 0x0000000087b00000| Untracked 
|  84|0x0000000087c00000, 0x0000000087d00000, 0x0000000087d00000|100%| O|  |TAMS 0x0000000087c00000| PB 0x0000000087c00000| Untracked 
|  85|0x0000000087d00000, 0x0000000087e00000, 0x0000000087e00000|100%| O|  |TAMS 0x0000000087d00000| PB 0x0000000087d00000| Untracked 
|  86|0x0000000087e00000, 0x0000000087f00000, 0x0000000087f00000|100%| O|  |TAMS 0x0000000087e00000| PB 0x0000000087e00000| Untracked 
|  87|0x0000000087f00000, 0x0000000088000000, 0x0000000088000000|100%| O|  |TAMS 0x0000000087f00000| PB 0x0000000087f00000| Untracked 
|  88|0x0000000088000000, 0x0000000088100000, 0x0000000088100000|100%| O|  |TAMS 0x0000000088000000| PB 0x0000000088000000| Untracked 
|  89|0x0000000088100000, 0x0000000088200000, 0x0000000088200000|100%| O|  |TAMS 0x0000000088100000| PB 0x0000000088100000| Untracked 
|  90|0x0000000088200000, 0x0000000088300000, 0x0000000088300000|100%| O|  |TAMS 0x0000000088200000| PB 0x0000000088200000| Untracked 
|  91|0x0000000088300000, 0x0000000088400000, 0x0000000088400000|100%| O|  |TAMS 0x0000000088300000| PB 0x0000000088300000| Untracked 
|  92|0x0000000088400000, 0x0000000088500000, 0x0000000088500000|100%| O|  |TAMS 0x0000000088400000| PB 0x0000000088400000| Untracked 
|  93|0x0000000088500000, 0x0000000088600000, 0x0000000088600000|100%|HS|  |TAMS 0x0000000088500000| PB 0x0000000088500000| Complete 
|  94|0x0000000088600000, 0x0000000088700000, 0x0000000088700000|100%|HS|  |TAMS 0x0000000088600000| PB 0x0000000088600000| Complete 
|  95|0x0000000088700000, 0x0000000088800000, 0x0000000088800000|100%|HC|  |TAMS 0x0000000088700000| PB 0x0000000088700000| Complete 
|  96|0x0000000088800000, 0x0000000088900000, 0x0000000088900000|100%| O|  |TAMS 0x0000000088800000| PB 0x0000000088800000| Untracked 
|  97|0x0000000088900000, 0x0000000088a00000, 0x0000000088a00000|100%| O|  |TAMS 0x0000000088900000| PB 0x0000000088900000| Untracked 
|  98|0x0000000088a00000, 0x0000000088a61a88, 0x0000000088b00000| 38%| O|  |TAMS 0x0000000088a00000| PB 0x0000000088a00000| Untracked 
|  99|0x0000000088b00000, 0x0000000088b00000, 0x0000000088c00000|  0%| F|  |TAMS 0x0000000088b00000| PB 0x0000000088b00000| Untracked 
| 100|0x0000000088c00000, 0x0000000088c00000, 0x0000000088d00000|  0%| F|  |TAMS 0x0000000088c00000| PB 0x0000000088c00000| Untracked 
| 101|0x0000000088d00000, 0x0000000088d00000, 0x0000000088e00000|  0%| F|  |TAMS 0x0000000088d00000| PB 0x0000000088d00000| Untracked 
| 102|0x0000000088e00000, 0x0000000088e00000, 0x0000000088f00000|  0%| F|  |TAMS 0x0000000088e00000| PB 0x0000000088e00000| Untracked 
| 103|0x0000000088f00000, 0x0000000088f00000, 0x0000000089000000|  0%| F|  |TAMS 0x0000000088f00000| PB 0x0000000088f00000| Untracked 
| 104|0x0000000089000000, 0x0000000089000000, 0x0000000089100000|  0%| F|  |TAMS 0x0000000089000000| PB 0x0000000089000000| Untracked 
| 105|0x0000000089100000, 0x0000000089100000, 0x0000000089200000|  0%| F|  |TAMS 0x0000000089100000| PB 0x0000000089100000| Untracked 
| 106|0x0000000089200000, 0x0000000089200000, 0x0000000089300000|  0%| F|  |TAMS 0x0000000089200000| PB 0x0000000089200000| Untracked 
| 107|0x0000000089300000, 0x0000000089300000, 0x0000000089400000|  0%| F|  |TAMS 0x0000000089300000| PB 0x0000000089300000| Untracked 
| 108|0x0000000089400000, 0x0000000089400000, 0x0000000089500000|  0%| F|  |TAMS 0x0000000089400000| PB 0x0000000089400000| Untracked 
| 109|0x0000000089500000, 0x0000000089500000, 0x0000000089600000|  0%| F|  |TAMS 0x0000000089500000| PB 0x0000000089500000| Untracked 
| 110|0x0000000089600000, 0x0000000089600000, 0x0000000089700000|  0%| F|  |TAMS 0x0000000089600000| PB 0x0000000089600000| Untracked 
| 111|0x0000000089700000, 0x0000000089700000, 0x0000000089800000|  0%| F|  |TAMS 0x0000000089700000| PB 0x0000000089700000| Untracked 
| 112|0x0000000089800000, 0x0000000089800000, 0x0000000089900000|  0%| F|  |TAMS 0x0000000089800000| PB 0x0000000089800000| Untracked 
| 113|0x0000000089900000, 0x0000000089900000, 0x0000000089a00000|  0%| F|  |TAMS 0x0000000089900000| PB 0x0000000089900000| Untracked 
| 114|0x0000000089a00000, 0x0000000089a00000, 0x0000000089b00000|  0%| F|  |TAMS 0x0000000089a00000| PB 0x0000000089a00000| Untracked 
| 115|0x0000000089b00000, 0x0000000089b00000, 0x0000000089c00000|  0%| F|  |TAMS 0x0000000089b00000| PB 0x0000000089b00000| Untracked 
| 116|0x0000000089c00000, 0x0000000089c00000, 0x0000000089d00000|  0%| F|  |TAMS 0x0000000089c00000| PB 0x0000000089c00000| Untracked 
| 117|0x0000000089d00000, 0x0000000089d00000, 0x0000000089e00000|  0%| F|  |TAMS 0x0000000089d00000| PB 0x0000000089d00000| Untracked 
| 118|0x0000000089e00000, 0x0000000089e00000, 0x0000000089f00000|  0%| F|  |TAMS 0x0000000089e00000| PB 0x0000000089e00000| Untracked 
| 119|0x0000000089f00000, 0x0000000089f00000, 0x000000008a000000|  0%| F|  |TAMS 0x0000000089f00000| PB 0x0000000089f00000| Untracked 
| 120|0x000000008a000000, 0x000000008a000000, 0x000000008a100000|  0%| F|  |TAMS 0x000000008a000000| PB 0x000000008a000000| Untracked 
| 121|0x000000008a100000, 0x000000008a100000, 0x000000008a200000|  0%| F|  |TAMS 0x000000008a100000| PB 0x000000008a100000| Untracked 
| 122|0x000000008a200000, 0x000000008a200000, 0x000000008a300000|  0%| F|  |TAMS 0x000000008a200000| PB 0x000000008a200000| Untracked 
| 123|0x000000008a300000, 0x000000008a300000, 0x000000008a400000|  0%| F|  |TAMS 0x000000008a300000| PB 0x000000008a300000| Untracked 
| 124|0x000000008a400000, 0x000000008a400000, 0x000000008a500000|  0%| F|  |TAMS 0x000000008a400000| PB 0x000000008a400000| Untracked 
| 125|0x000000008a500000, 0x000000008a500000, 0x000000008a600000|  0%| F|  |TAMS 0x000000008a500000| PB 0x000000008a500000| Untracked 
| 126|0x000000008a600000, 0x000000008a600000, 0x000000008a700000|  0%| F|  |TAMS 0x000000008a600000| PB 0x000000008a600000| Untracked 
| 127|0x000000008a700000, 0x000000008a700000, 0x000000008a800000|  0%| F|  |TAMS 0x000000008a700000| PB 0x000000008a700000| Untracked 
| 128|0x000000008a800000, 0x000000008a800000, 0x000000008a900000|  0%| F|  |TAMS 0x000000008a800000| PB 0x000000008a800000| Untracked 
| 129|0x000000008a900000, 0x000000008a900000, 0x000000008aa00000|  0%| F|  |TAMS 0x000000008a900000| PB 0x000000008a900000| Untracked 
| 130|0x000000008aa00000, 0x000000008aa00000, 0x000000008ab00000|  0%| F|  |TAMS 0x000000008aa00000| PB 0x000000008aa00000| Untracked 
| 131|0x000000008ab00000, 0x000000008ab00000, 0x000000008ac00000|  0%| F|  |TAMS 0x000000008ab00000| PB 0x000000008ab00000| Untracked 
| 132|0x000000008ac00000, 0x000000008ac00000, 0x000000008ad00000|  0%| F|  |TAMS 0x000000008ac00000| PB 0x000000008ac00000| Untracked 
| 133|0x000000008ad00000, 0x000000008ad00000, 0x000000008ae00000|  0%| F|  |TAMS 0x000000008ad00000| PB 0x000000008ad00000| Untracked 
| 134|0x000000008ae00000, 0x000000008ae00000, 0x000000008af00000|  0%| F|  |TAMS 0x000000008ae00000| PB 0x000000008ae00000| Untracked 
| 135|0x000000008af00000, 0x000000008af00000, 0x000000008b000000|  0%| F|  |TAMS 0x000000008af00000| PB 0x000000008af00000| Untracked 
| 136|0x000000008b000000, 0x000000008b0b29f8, 0x000000008b100000| 69%| S|CS|TAMS 0x000000008b000000| PB 0x000000008b000000| Complete 
| 137|0x000000008b100000, 0x000000008b200000, 0x000000008b200000|100%| S|CS|TAMS 0x000000008b100000| PB 0x000000008b100000| Complete 
| 138|0x000000008b200000, 0x000000008b300000, 0x000000008b300000|100%| S|CS|TAMS 0x000000008b200000| PB 0x000000008b200000| Complete 
| 139|0x000000008b300000, 0x000000008b400000, 0x000000008b400000|100%| S|CS|TAMS 0x000000008b300000| PB 0x000000008b300000| Complete 
| 140|0x000000008b400000, 0x000000008b400000, 0x000000008b500000|  0%| F|  |TAMS 0x000000008b400000| PB 0x000000008b400000| Untracked 
| 141|0x000000008b500000, 0x000000008b500000, 0x000000008b600000|  0%| F|  |TAMS 0x000000008b500000| PB 0x000000008b500000| Untracked 
| 142|0x000000008b600000, 0x000000008b600000, 0x000000008b700000|  0%| F|  |TAMS 0x000000008b600000| PB 0x000000008b600000| Untracked 
| 143|0x000000008b700000, 0x000000008b700000, 0x000000008b800000|  0%| F|  |TAMS 0x000000008b700000| PB 0x000000008b700000| Untracked 
| 144|0x000000008b800000, 0x000000008b800000, 0x000000008b900000|  0%| F|  |TAMS 0x000000008b800000| PB 0x000000008b800000| Untracked 
| 145|0x000000008b900000, 0x000000008b900000, 0x000000008ba00000|  0%| F|  |TAMS 0x000000008b900000| PB 0x000000008b900000| Untracked 
| 146|0x000000008ba00000, 0x000000008ba00000, 0x000000008bb00000|  0%| F|  |TAMS 0x000000008ba00000| PB 0x000000008ba00000| Untracked 
| 147|0x000000008bb00000, 0x000000008bb00000, 0x000000008bc00000|  0%| F|  |TAMS 0x000000008bb00000| PB 0x000000008bb00000| Untracked 
| 148|0x000000008bc00000, 0x000000008bc00000, 0x000000008bd00000|  0%| F|  |TAMS 0x000000008bc00000| PB 0x000000008bc00000| Untracked 
| 149|0x000000008bd00000, 0x000000008bd00000, 0x000000008be00000|  0%| F|  |TAMS 0x000000008bd00000| PB 0x000000008bd00000| Untracked 
| 150|0x000000008be00000, 0x000000008be00000, 0x000000008bf00000|  0%| F|  |TAMS 0x000000008be00000| PB 0x000000008be00000| Untracked 
| 151|0x000000008bf00000, 0x000000008bf00000, 0x000000008c000000|  0%| F|  |TAMS 0x000000008bf00000| PB 0x000000008bf00000| Untracked 
| 152|0x000000008c000000, 0x000000008c000000, 0x000000008c100000|  0%| F|  |TAMS 0x000000008c000000| PB 0x000000008c000000| Untracked 
| 153|0x000000008c100000, 0x000000008c100000, 0x000000008c200000|  0%| F|  |TAMS 0x000000008c100000| PB 0x000000008c100000| Untracked 
| 154|0x000000008c200000, 0x000000008c200000, 0x000000008c300000|  0%| F|  |TAMS 0x000000008c200000| PB 0x000000008c200000| Untracked 
| 155|0x000000008c300000, 0x000000008c300000, 0x000000008c400000|  0%| F|  |TAMS 0x000000008c300000| PB 0x000000008c300000| Untracked 
| 156|0x000000008c400000, 0x000000008c400000, 0x000000008c500000|  0%| F|  |TAMS 0x000000008c400000| PB 0x000000008c400000| Untracked 
| 157|0x000000008c500000, 0x000000008c500000, 0x000000008c600000|  0%| F|  |TAMS 0x000000008c500000| PB 0x000000008c500000| Untracked 
| 158|0x000000008c600000, 0x000000008c600000, 0x000000008c700000|  0%| F|  |TAMS 0x000000008c600000| PB 0x000000008c600000| Untracked 
| 159|0x000000008c700000, 0x000000008c700000, 0x000000008c800000|  0%| F|  |TAMS 0x000000008c700000| PB 0x000000008c700000| Untracked 
| 160|0x000000008c800000, 0x000000008c800000, 0x000000008c900000|  0%| F|  |TAMS 0x000000008c800000| PB 0x000000008c800000| Untracked 
| 161|0x000000008c900000, 0x000000008c900000, 0x000000008ca00000|  0%| F|  |TAMS 0x000000008c900000| PB 0x000000008c900000| Untracked 
| 162|0x000000008ca00000, 0x000000008ca00000, 0x000000008cb00000|  0%| F|  |TAMS 0x000000008ca00000| PB 0x000000008ca00000| Untracked 
| 163|0x000000008cb00000, 0x000000008cb00000, 0x000000008cc00000|  0%| F|  |TAMS 0x000000008cb00000| PB 0x000000008cb00000| Untracked 
| 164|0x000000008cc00000, 0x000000008cc00000, 0x000000008cd00000|  0%| F|  |TAMS 0x000000008cc00000| PB 0x000000008cc00000| Untracked 
| 165|0x000000008cd00000, 0x000000008cd00000, 0x000000008ce00000|  0%| F|  |TAMS 0x000000008cd00000| PB 0x000000008cd00000| Untracked 
| 166|0x000000008ce00000, 0x000000008ce00000, 0x000000008cf00000|  0%| F|  |TAMS 0x000000008ce00000| PB 0x000000008ce00000| Untracked 
| 167|0x000000008cf00000, 0x000000008cf00000, 0x000000008d000000|  0%| F|  |TAMS 0x000000008cf00000| PB 0x000000008cf00000| Untracked 
| 168|0x000000008d000000, 0x000000008d000000, 0x000000008d100000|  0%| F|  |TAMS 0x000000008d000000| PB 0x000000008d000000| Untracked 
| 169|0x000000008d100000, 0x000000008d100000, 0x000000008d200000|  0%| F|  |TAMS 0x000000008d100000| PB 0x000000008d100000| Untracked 
| 170|0x000000008d200000, 0x000000008d200000, 0x000000008d300000|  0%| F|  |TAMS 0x000000008d200000| PB 0x000000008d200000| Untracked 
| 171|0x000000008d300000, 0x000000008d300000, 0x000000008d400000|  0%| F|  |TAMS 0x000000008d300000| PB 0x000000008d300000| Untracked 
| 172|0x000000008d400000, 0x000000008d400000, 0x000000008d500000|  0%| F|  |TAMS 0x000000008d400000| PB 0x000000008d400000| Untracked 
| 173|0x000000008d500000, 0x000000008d500000, 0x000000008d600000|  0%| F|  |TAMS 0x000000008d500000| PB 0x000000008d500000| Untracked 
| 174|0x000000008d600000, 0x000000008d600000, 0x000000008d700000|  0%| F|  |TAMS 0x000000008d600000| PB 0x000000008d600000| Untracked 
| 175|0x000000008d700000, 0x000000008d700000, 0x000000008d800000|  0%| F|  |TAMS 0x000000008d700000| PB 0x000000008d700000| Untracked 
| 176|0x000000008d800000, 0x000000008d800000, 0x000000008d900000|  0%| F|  |TAMS 0x000000008d800000| PB 0x000000008d800000| Untracked 
| 177|0x000000008d900000, 0x000000008d900000, 0x000000008da00000|  0%| F|  |TAMS 0x000000008d900000| PB 0x000000008d900000| Untracked 
| 178|0x000000008da00000, 0x000000008da00000, 0x000000008db00000|  0%| F|  |TAMS 0x000000008da00000| PB 0x000000008da00000| Untracked 
| 179|0x000000008db00000, 0x000000008db00000, 0x000000008dc00000|  0%| F|  |TAMS 0x000000008db00000| PB 0x000000008db00000| Untracked 
| 180|0x000000008dc00000, 0x000000008dc00000, 0x000000008dd00000|  0%| F|  |TAMS 0x000000008dc00000| PB 0x000000008dc00000| Untracked 
| 181|0x000000008dd00000, 0x000000008dd00000, 0x000000008de00000|  0%| F|  |TAMS 0x000000008dd00000| PB 0x000000008dd00000| Untracked 
| 182|0x000000008de00000, 0x000000008de00000, 0x000000008df00000|  0%| F|  |TAMS 0x000000008de00000| PB 0x000000008de00000| Untracked 
| 183|0x000000008df00000, 0x000000008df00000, 0x000000008e000000|  0%| F|  |TAMS 0x000000008df00000| PB 0x000000008df00000| Untracked 
| 184|0x000000008e000000, 0x000000008e000000, 0x000000008e100000|  0%| F|  |TAMS 0x000000008e000000| PB 0x000000008e000000| Untracked 
| 185|0x000000008e100000, 0x000000008e100000, 0x000000008e200000|  0%| F|  |TAMS 0x000000008e100000| PB 0x000000008e100000| Untracked 
| 186|0x000000008e200000, 0x000000008e200000, 0x000000008e300000|  0%| F|  |TAMS 0x000000008e200000| PB 0x000000008e200000| Untracked 
| 187|0x000000008e300000, 0x000000008e300000, 0x000000008e400000|  0%| F|  |TAMS 0x000000008e300000| PB 0x000000008e300000| Untracked 
| 188|0x000000008e400000, 0x000000008e400000, 0x000000008e500000|  0%| F|  |TAMS 0x000000008e400000| PB 0x000000008e400000| Untracked 
| 189|0x000000008e500000, 0x000000008e500000, 0x000000008e600000|  0%| F|  |TAMS 0x000000008e500000| PB 0x000000008e500000| Untracked 
| 190|0x000000008e600000, 0x000000008e600000, 0x000000008e700000|  0%| F|  |TAMS 0x000000008e600000| PB 0x000000008e600000| Untracked 
| 191|0x000000008e700000, 0x000000008e700000, 0x000000008e800000|  0%| F|  |TAMS 0x000000008e700000| PB 0x000000008e700000| Untracked 
| 192|0x000000008e800000, 0x000000008e800000, 0x000000008e900000|  0%| F|  |TAMS 0x000000008e800000| PB 0x000000008e800000| Untracked 
| 193|0x000000008e900000, 0x000000008e900000, 0x000000008ea00000|  0%| F|  |TAMS 0x000000008e900000| PB 0x000000008e900000| Untracked 
| 194|0x000000008ea00000, 0x000000008ea00000, 0x000000008eb00000|  0%| F|  |TAMS 0x000000008ea00000| PB 0x000000008ea00000| Untracked 
| 195|0x000000008eb00000, 0x000000008eb00000, 0x000000008ec00000|  0%| F|  |TAMS 0x000000008eb00000| PB 0x000000008eb00000| Untracked 
| 196|0x000000008ec00000, 0x000000008ec00000, 0x000000008ed00000|  0%| F|  |TAMS 0x000000008ec00000| PB 0x000000008ec00000| Untracked 
| 197|0x000000008ed00000, 0x000000008ed00000, 0x000000008ee00000|  0%| F|  |TAMS 0x000000008ed00000| PB 0x000000008ed00000| Untracked 
| 198|0x000000008ee00000, 0x000000008ee00000, 0x000000008ef00000|  0%| F|  |TAMS 0x000000008ee00000| PB 0x000000008ee00000| Untracked 
| 199|0x000000008ef00000, 0x000000008ef00000, 0x000000008f000000|  0%| F|  |TAMS 0x000000008ef00000| PB 0x000000008ef00000| Untracked 
| 200|0x000000008f000000, 0x000000008f000000, 0x000000008f100000|  0%| F|  |TAMS 0x000000008f000000| PB 0x000000008f000000| Untracked 
| 201|0x000000008f100000, 0x000000008f100000, 0x000000008f200000|  0%| F|  |TAMS 0x000000008f100000| PB 0x000000008f100000| Untracked 
| 202|0x000000008f200000, 0x000000008f200000, 0x000000008f300000|  0%| F|  |TAMS 0x000000008f200000| PB 0x000000008f200000| Untracked 
| 203|0x000000008f300000, 0x000000008f300000, 0x000000008f400000|  0%| F|  |TAMS 0x000000008f300000| PB 0x000000008f300000| Untracked 
| 204|0x000000008f400000, 0x000000008f400000, 0x000000008f500000|  0%| F|  |TAMS 0x000000008f400000| PB 0x000000008f400000| Untracked 
| 205|0x000000008f500000, 0x000000008f500000, 0x000000008f600000|  0%| F|  |TAMS 0x000000008f500000| PB 0x000000008f500000| Untracked 
| 206|0x000000008f600000, 0x000000008f600000, 0x000000008f700000|  0%| F|  |TAMS 0x000000008f600000| PB 0x000000008f600000| Untracked 
| 207|0x000000008f700000, 0x000000008f700000, 0x000000008f800000|  0%| F|  |TAMS 0x000000008f700000| PB 0x000000008f700000| Untracked 
| 208|0x000000008f800000, 0x000000008f800000, 0x000000008f900000|  0%| F|  |TAMS 0x000000008f800000| PB 0x000000008f800000| Untracked 
| 209|0x000000008f900000, 0x000000008f900000, 0x000000008fa00000|  0%| F|  |TAMS 0x000000008f900000| PB 0x000000008f900000| Untracked 
| 210|0x000000008fa00000, 0x000000008fa00000, 0x000000008fb00000|  0%| F|  |TAMS 0x000000008fa00000| PB 0x000000008fa00000| Untracked 
| 211|0x000000008fb00000, 0x000000008fb00000, 0x000000008fc00000|  0%| F|  |TAMS 0x000000008fb00000| PB 0x000000008fb00000| Untracked 
| 212|0x000000008fc00000, 0x000000008fc00000, 0x000000008fd00000|  0%| F|  |TAMS 0x000000008fc00000| PB 0x000000008fc00000| Untracked 
| 213|0x000000008fd00000, 0x000000008fd00000, 0x000000008fe00000|  0%| F|  |TAMS 0x000000008fd00000| PB 0x000000008fd00000| Untracked 
| 214|0x000000008fe00000, 0x000000008fe00000, 0x000000008ff00000|  0%| F|  |TAMS 0x000000008fe00000| PB 0x000000008fe00000| Untracked 
| 215|0x000000008ff00000, 0x000000008ff00000, 0x0000000090000000|  0%| F|  |TAMS 0x000000008ff00000| PB 0x000000008ff00000| Untracked 
| 216|0x0000000090000000, 0x0000000090000000, 0x0000000090100000|  0%| F|  |TAMS 0x0000000090000000| PB 0x0000000090000000| Untracked 
| 217|0x0000000090100000, 0x0000000090100000, 0x0000000090200000|  0%| F|  |TAMS 0x0000000090100000| PB 0x0000000090100000| Untracked 
| 218|0x0000000090200000, 0x0000000090200000, 0x0000000090300000|  0%| F|  |TAMS 0x0000000090200000| PB 0x0000000090200000| Untracked 
| 219|0x0000000090300000, 0x0000000090300000, 0x0000000090400000|  0%| F|  |TAMS 0x0000000090300000| PB 0x0000000090300000| Untracked 
| 220|0x0000000090400000, 0x0000000090400000, 0x0000000090500000|  0%| F|  |TAMS 0x0000000090400000| PB 0x0000000090400000| Untracked 
| 221|0x0000000090500000, 0x0000000090500000, 0x0000000090600000|  0%| F|  |TAMS 0x0000000090500000| PB 0x0000000090500000| Untracked 
| 222|0x0000000090600000, 0x0000000090600000, 0x0000000090700000|  0%| F|  |TAMS 0x0000000090600000| PB 0x0000000090600000| Untracked 
| 223|0x0000000090700000, 0x0000000090700000, 0x0000000090800000|  0%| F|  |TAMS 0x0000000090700000| PB 0x0000000090700000| Untracked 
| 224|0x0000000090800000, 0x0000000090800000, 0x0000000090900000|  0%| F|  |TAMS 0x0000000090800000| PB 0x0000000090800000| Untracked 
| 225|0x0000000090900000, 0x0000000090900000, 0x0000000090a00000|  0%| F|  |TAMS 0x0000000090900000| PB 0x0000000090900000| Untracked 
| 226|0x0000000090a00000, 0x0000000090a00000, 0x0000000090b00000|  0%| F|  |TAMS 0x0000000090a00000| PB 0x0000000090a00000| Untracked 
| 227|0x0000000090b00000, 0x0000000090b00000, 0x0000000090c00000|  0%| F|  |TAMS 0x0000000090b00000| PB 0x0000000090b00000| Untracked 
| 228|0x0000000090c00000, 0x0000000090c00000, 0x0000000090d00000|  0%| F|  |TAMS 0x0000000090c00000| PB 0x0000000090c00000| Untracked 
| 229|0x0000000090d00000, 0x0000000090d00000, 0x0000000090e00000|  0%| F|  |TAMS 0x0000000090d00000| PB 0x0000000090d00000| Untracked 
| 230|0x0000000090e00000, 0x0000000090e00000, 0x0000000090f00000|  0%| F|  |TAMS 0x0000000090e00000| PB 0x0000000090e00000| Untracked 
| 231|0x0000000090f00000, 0x0000000090f00000, 0x0000000091000000|  0%| F|  |TAMS 0x0000000090f00000| PB 0x0000000090f00000| Untracked 
| 232|0x0000000091000000, 0x0000000091000000, 0x0000000091100000|  0%| F|  |TAMS 0x0000000091000000| PB 0x0000000091000000| Untracked 
| 233|0x0000000091100000, 0x0000000091100000, 0x0000000091200000|  0%| F|  |TAMS 0x0000000091100000| PB 0x0000000091100000| Untracked 
| 234|0x0000000091200000, 0x0000000091200000, 0x0000000091300000|  0%| F|  |TAMS 0x0000000091200000| PB 0x0000000091200000| Untracked 
| 235|0x0000000091300000, 0x0000000091300000, 0x0000000091400000|  0%| F|  |TAMS 0x0000000091300000| PB 0x0000000091300000| Untracked 
| 236|0x0000000091400000, 0x0000000091400000, 0x0000000091500000|  0%| F|  |TAMS 0x0000000091400000| PB 0x0000000091400000| Untracked 
| 237|0x0000000091500000, 0x0000000091500000, 0x0000000091600000|  0%| F|  |TAMS 0x0000000091500000| PB 0x0000000091500000| Untracked 
| 238|0x0000000091600000, 0x0000000091600000, 0x0000000091700000|  0%| F|  |TAMS 0x0000000091600000| PB 0x0000000091600000| Untracked 
| 239|0x0000000091700000, 0x0000000091700000, 0x0000000091800000|  0%| F|  |TAMS 0x0000000091700000| PB 0x0000000091700000| Untracked 
| 240|0x0000000091800000, 0x0000000091800000, 0x0000000091900000|  0%| F|  |TAMS 0x0000000091800000| PB 0x0000000091800000| Untracked 
| 241|0x0000000091900000, 0x0000000091900000, 0x0000000091a00000|  0%| F|  |TAMS 0x0000000091900000| PB 0x0000000091900000| Untracked 
| 242|0x0000000091a00000, 0x0000000091a00000, 0x0000000091b00000|  0%| F|  |TAMS 0x0000000091a00000| PB 0x0000000091a00000| Untracked 
| 243|0x0000000091b00000, 0x0000000091b00000, 0x0000000091c00000|  0%| F|  |TAMS 0x0000000091b00000| PB 0x0000000091b00000| Untracked 
| 244|0x0000000091c00000, 0x0000000091c00000, 0x0000000091d00000|  0%| F|  |TAMS 0x0000000091c00000| PB 0x0000000091c00000| Untracked 
| 245|0x0000000091d00000, 0x0000000091d00000, 0x0000000091e00000|  0%| F|  |TAMS 0x0000000091d00000| PB 0x0000000091d00000| Untracked 
| 246|0x0000000091e00000, 0x0000000091e00000, 0x0000000091f00000|  0%| F|  |TAMS 0x0000000091e00000| PB 0x0000000091e00000| Untracked 
| 247|0x0000000091f00000, 0x0000000091f00000, 0x0000000092000000|  0%| F|  |TAMS 0x0000000091f00000| PB 0x0000000091f00000| Untracked 
| 248|0x0000000092000000, 0x0000000092000000, 0x0000000092100000|  0%| F|  |TAMS 0x0000000092000000| PB 0x0000000092000000| Untracked 
| 249|0x0000000092100000, 0x0000000092100000, 0x0000000092200000|  0%| F|  |TAMS 0x0000000092100000| PB 0x0000000092100000| Untracked 
| 250|0x0000000092200000, 0x0000000092200000, 0x0000000092300000|  0%| F|  |TAMS 0x0000000092200000| PB 0x0000000092200000| Untracked 
| 251|0x0000000092300000, 0x0000000092300000, 0x0000000092400000|  0%| F|  |TAMS 0x0000000092300000| PB 0x0000000092300000| Untracked 
| 252|0x0000000092400000, 0x0000000092400000, 0x0000000092500000|  0%| F|  |TAMS 0x0000000092400000| PB 0x0000000092400000| Untracked 
| 253|0x0000000092500000, 0x0000000092500000, 0x0000000092600000|  0%| F|  |TAMS 0x0000000092500000| PB 0x0000000092500000| Untracked 
| 254|0x0000000092600000, 0x0000000092600000, 0x0000000092700000|  0%| F|  |TAMS 0x0000000092600000| PB 0x0000000092600000| Untracked 
| 255|0x0000000092700000, 0x0000000092800000, 0x0000000092800000|100%| E|  |TAMS 0x0000000092700000| PB 0x0000000092700000| Complete 
| 256|0x0000000092800000, 0x0000000092900000, 0x0000000092900000|100%| E|CS|TAMS 0x0000000092800000| PB 0x0000000092800000| Complete 
| 257|0x0000000092900000, 0x0000000092a00000, 0x0000000092a00000|100%| E|CS|TAMS 0x0000000092900000| PB 0x0000000092900000| Complete 
| 258|0x0000000092a00000, 0x0000000092b00000, 0x0000000092b00000|100%| E|CS|TAMS 0x0000000092a00000| PB 0x0000000092a00000| Complete 
| 259|0x0000000092b00000, 0x0000000092c00000, 0x0000000092c00000|100%| E|CS|TAMS 0x0000000092b00000| PB 0x0000000092b00000| Complete 
| 260|0x0000000092c00000, 0x0000000092d00000, 0x0000000092d00000|100%| E|CS|TAMS 0x0000000092c00000| PB 0x0000000092c00000| Complete 
| 261|0x0000000092d00000, 0x0000000092e00000, 0x0000000092e00000|100%| E|CS|TAMS 0x0000000092d00000| PB 0x0000000092d00000| Complete 
| 262|0x0000000092e00000, 0x0000000092f00000, 0x0000000092f00000|100%| E|CS|TAMS 0x0000000092e00000| PB 0x0000000092e00000| Complete 
| 263|0x0000000092f00000, 0x0000000093000000, 0x0000000093000000|100%| E|CS|TAMS 0x0000000092f00000| PB 0x0000000092f00000| Complete 
| 264|0x0000000093000000, 0x0000000093100000, 0x0000000093100000|100%| E|CS|TAMS 0x0000000093000000| PB 0x0000000093000000| Complete 
| 265|0x0000000093100000, 0x0000000093200000, 0x0000000093200000|100%| E|CS|TAMS 0x0000000093100000| PB 0x0000000093100000| Complete 
| 266|0x0000000093200000, 0x0000000093300000, 0x0000000093300000|100%| E|CS|TAMS 0x0000000093200000| PB 0x0000000093200000| Complete 
| 267|0x0000000093300000, 0x0000000093400000, 0x0000000093400000|100%| E|CS|TAMS 0x0000000093300000| PB 0x0000000093300000| Complete 
| 268|0x0000000093400000, 0x0000000093500000, 0x0000000093500000|100%| E|CS|TAMS 0x0000000093400000| PB 0x0000000093400000| Complete 
| 269|0x0000000093500000, 0x0000000093600000, 0x0000000093600000|100%| E|CS|TAMS 0x0000000093500000| PB 0x0000000093500000| Complete 
| 270|0x0000000093600000, 0x0000000093700000, 0x0000000093700000|100%| E|CS|TAMS 0x0000000093600000| PB 0x0000000093600000| Complete 
| 271|0x0000000093700000, 0x0000000093800000, 0x0000000093800000|100%| E|CS|TAMS 0x0000000093700000| PB 0x0000000093700000| Complete 
| 272|0x0000000093800000, 0x0000000093900000, 0x0000000093900000|100%| E|CS|TAMS 0x0000000093800000| PB 0x0000000093800000| Complete 
| 273|0x0000000093900000, 0x0000000093a00000, 0x0000000093a00000|100%| E|CS|TAMS 0x0000000093900000| PB 0x0000000093900000| Complete 
| 274|0x0000000093a00000, 0x0000000093b00000, 0x0000000093b00000|100%| E|CS|TAMS 0x0000000093a00000| PB 0x0000000093a00000| Complete 
| 275|0x0000000093b00000, 0x0000000093c00000, 0x0000000093c00000|100%| E|CS|TAMS 0x0000000093b00000| PB 0x0000000093b00000| Complete 
| 276|0x0000000093c00000, 0x0000000093d00000, 0x0000000093d00000|100%| E|CS|TAMS 0x0000000093c00000| PB 0x0000000093c00000| Complete 
| 277|0x0000000093d00000, 0x0000000093e00000, 0x0000000093e00000|100%| E|CS|TAMS 0x0000000093d00000| PB 0x0000000093d00000| Complete 
| 278|0x0000000093e00000, 0x0000000093f00000, 0x0000000093f00000|100%| E|CS|TAMS 0x0000000093e00000| PB 0x0000000093e00000| Complete 
| 279|0x0000000093f00000, 0x0000000094000000, 0x0000000094000000|100%| E|CS|TAMS 0x0000000093f00000| PB 0x0000000093f00000| Complete 
| 280|0x0000000094000000, 0x0000000094100000, 0x0000000094100000|100%| E|CS|TAMS 0x0000000094000000| PB 0x0000000094000000| Complete 
| 281|0x0000000094100000, 0x0000000094200000, 0x0000000094200000|100%| E|CS|TAMS 0x0000000094100000| PB 0x0000000094100000| Complete 
| 282|0x0000000094200000, 0x0000000094300000, 0x0000000094300000|100%| E|CS|TAMS 0x0000000094200000| PB 0x0000000094200000| Complete 
| 283|0x0000000094300000, 0x0000000094400000, 0x0000000094400000|100%| E|CS|TAMS 0x0000000094300000| PB 0x0000000094300000| Complete 
| 284|0x0000000094400000, 0x0000000094500000, 0x0000000094500000|100%| E|CS|TAMS 0x0000000094400000| PB 0x0000000094400000| Complete 
| 285|0x0000000094500000, 0x0000000094600000, 0x0000000094600000|100%| E|CS|TAMS 0x0000000094500000| PB 0x0000000094500000| Complete 
| 286|0x0000000094600000, 0x0000000094700000, 0x0000000094700000|100%| E|CS|TAMS 0x0000000094600000| PB 0x0000000094600000| Complete 
| 287|0x0000000094700000, 0x0000000094800000, 0x0000000094800000|100%| E|CS|TAMS 0x0000000094700000| PB 0x0000000094700000| Complete 
| 288|0x0000000094800000, 0x0000000094900000, 0x0000000094900000|100%| E|CS|TAMS 0x0000000094800000| PB 0x0000000094800000| Complete 
| 289|0x0000000094900000, 0x0000000094a00000, 0x0000000094a00000|100%| E|CS|TAMS 0x0000000094900000| PB 0x0000000094900000| Complete 
| 290|0x0000000094a00000, 0x0000000094b00000, 0x0000000094b00000|100%| E|CS|TAMS 0x0000000094a00000| PB 0x0000000094a00000| Complete 
| 291|0x0000000094b00000, 0x0000000094c00000, 0x0000000094c00000|100%| E|CS|TAMS 0x0000000094b00000| PB 0x0000000094b00000| Complete 
| 292|0x0000000094c00000, 0x0000000094d00000, 0x0000000094d00000|100%| E|CS|TAMS 0x0000000094c00000| PB 0x0000000094c00000| Complete 
| 293|0x0000000094d00000, 0x0000000094e00000, 0x0000000094e00000|100%| E|CS|TAMS 0x0000000094d00000| PB 0x0000000094d00000| Complete 
| 294|0x0000000094e00000, 0x0000000094f00000, 0x0000000094f00000|100%| E|CS|TAMS 0x0000000094e00000| PB 0x0000000094e00000| Complete 
| 295|0x0000000094f00000, 0x0000000095000000, 0x0000000095000000|100%| E|CS|TAMS 0x0000000094f00000| PB 0x0000000094f00000| Complete 
| 296|0x0000000095000000, 0x0000000095100000, 0x0000000095100000|100%| E|CS|TAMS 0x0000000095000000| PB 0x0000000095000000| Complete 
| 297|0x0000000095100000, 0x0000000095200000, 0x0000000095200000|100%| E|CS|TAMS 0x0000000095100000| PB 0x0000000095100000| Complete 
| 298|0x0000000095200000, 0x0000000095300000, 0x0000000095300000|100%| E|CS|TAMS 0x0000000095200000| PB 0x0000000095200000| Complete 
| 299|0x0000000095300000, 0x0000000095400000, 0x0000000095400000|100%| E|CS|TAMS 0x0000000095300000| PB 0x0000000095300000| Complete 
| 300|0x0000000095400000, 0x0000000095500000, 0x0000000095500000|100%| E|CS|TAMS 0x0000000095400000| PB 0x0000000095400000| Complete 
| 301|0x0000000095500000, 0x0000000095600000, 0x0000000095600000|100%| E|CS|TAMS 0x0000000095500000| PB 0x0000000095500000| Complete 
| 302|0x0000000095600000, 0x0000000095700000, 0x0000000095700000|100%| E|CS|TAMS 0x0000000095600000| PB 0x0000000095600000| Complete 
| 303|0x0000000095700000, 0x0000000095800000, 0x0000000095800000|100%| E|CS|TAMS 0x0000000095700000| PB 0x0000000095700000| Complete 
| 304|0x0000000095800000, 0x0000000095900000, 0x0000000095900000|100%| E|CS|TAMS 0x0000000095800000| PB 0x0000000095800000| Complete 
| 305|0x0000000095900000, 0x0000000095a00000, 0x0000000095a00000|100%| E|CS|TAMS 0x0000000095900000| PB 0x0000000095900000| Complete 
| 306|0x0000000095a00000, 0x0000000095b00000, 0x0000000095b00000|100%| E|CS|TAMS 0x0000000095a00000| PB 0x0000000095a00000| Complete 
| 307|0x0000000095b00000, 0x0000000095c00000, 0x0000000095c00000|100%| E|CS|TAMS 0x0000000095b00000| PB 0x0000000095b00000| Complete 
| 308|0x0000000095c00000, 0x0000000095d00000, 0x0000000095d00000|100%| E|CS|TAMS 0x0000000095c00000| PB 0x0000000095c00000| Complete 
| 309|0x0000000095d00000, 0x0000000095e00000, 0x0000000095e00000|100%| E|CS|TAMS 0x0000000095d00000| PB 0x0000000095d00000| Complete 
| 310|0x0000000095e00000, 0x0000000095f00000, 0x0000000095f00000|100%| E|CS|TAMS 0x0000000095e00000| PB 0x0000000095e00000| Complete 
| 311|0x0000000095f00000, 0x0000000096000000, 0x0000000096000000|100%| E|CS|TAMS 0x0000000095f00000| PB 0x0000000095f00000| Complete 
| 312|0x0000000096000000, 0x0000000096100000, 0x0000000096100000|100%| E|CS|TAMS 0x0000000096000000| PB 0x0000000096000000| Complete 
| 313|0x0000000096100000, 0x0000000096200000, 0x0000000096200000|100%| E|CS|TAMS 0x0000000096100000| PB 0x0000000096100000| Complete 
| 314|0x0000000096200000, 0x0000000096300000, 0x0000000096300000|100%| E|CS|TAMS 0x0000000096200000| PB 0x0000000096200000| Complete 
| 315|0x0000000096300000, 0x0000000096400000, 0x0000000096400000|100%| E|CS|TAMS 0x0000000096300000| PB 0x0000000096300000| Complete 
| 316|0x0000000096400000, 0x0000000096500000, 0x0000000096500000|100%| E|CS|TAMS 0x0000000096400000| PB 0x0000000096400000| Complete 
| 317|0x0000000096500000, 0x0000000096600000, 0x0000000096600000|100%| E|CS|TAMS 0x0000000096500000| PB 0x0000000096500000| Complete 
| 318|0x0000000096600000, 0x0000000096700000, 0x0000000096700000|100%| E|CS|TAMS 0x0000000096600000| PB 0x0000000096600000| Complete 
| 319|0x0000000096700000, 0x0000000096800000, 0x0000000096800000|100%| E|CS|TAMS 0x0000000096700000| PB 0x0000000096700000| Complete 
| 320|0x0000000096800000, 0x0000000096900000, 0x0000000096900000|100%| E|CS|TAMS 0x0000000096800000| PB 0x0000000096800000| Complete 
| 321|0x0000000096900000, 0x0000000096a00000, 0x0000000096a00000|100%| E|CS|TAMS 0x0000000096900000| PB 0x0000000096900000| Complete 
| 322|0x0000000096a00000, 0x0000000096b00000, 0x0000000096b00000|100%| E|CS|TAMS 0x0000000096a00000| PB 0x0000000096a00000| Complete 
| 323|0x0000000096b00000, 0x0000000096c00000, 0x0000000096c00000|100%| E|CS|TAMS 0x0000000096b00000| PB 0x0000000096b00000| Complete 
| 324|0x0000000096c00000, 0x0000000096d00000, 0x0000000096d00000|100%| E|CS|TAMS 0x0000000096c00000| PB 0x0000000096c00000| Complete 
| 325|0x0000000096d00000, 0x0000000096e00000, 0x0000000096e00000|100%| E|CS|TAMS 0x0000000096d00000| PB 0x0000000096d00000| Complete 
| 326|0x0000000096e00000, 0x0000000096f00000, 0x0000000096f00000|100%| E|CS|TAMS 0x0000000096e00000| PB 0x0000000096e00000| Complete 
| 327|0x0000000096f00000, 0x0000000097000000, 0x0000000097000000|100%| E|CS|TAMS 0x0000000096f00000| PB 0x0000000096f00000| Complete 
| 328|0x0000000097000000, 0x0000000097100000, 0x0000000097100000|100%| E|CS|TAMS 0x0000000097000000| PB 0x0000000097000000| Complete 
| 329|0x0000000097100000, 0x0000000097200000, 0x0000000097200000|100%| E|CS|TAMS 0x0000000097100000| PB 0x0000000097100000| Complete 
| 330|0x0000000097200000, 0x0000000097300000, 0x0000000097300000|100%| E|CS|TAMS 0x0000000097200000| PB 0x0000000097200000| Complete 
| 331|0x0000000097300000, 0x0000000097400000, 0x0000000097400000|100%| E|CS|TAMS 0x0000000097300000| PB 0x0000000097300000| Complete 
| 332|0x0000000097400000, 0x0000000097500000, 0x0000000097500000|100%| E|CS|TAMS 0x0000000097400000| PB 0x0000000097400000| Complete 
| 333|0x0000000097500000, 0x0000000097600000, 0x0000000097600000|100%| E|CS|TAMS 0x0000000097500000| PB 0x0000000097500000| Complete 
| 334|0x0000000097600000, 0x0000000097700000, 0x0000000097700000|100%| E|CS|TAMS 0x0000000097600000| PB 0x0000000097600000| Complete 
| 335|0x0000000097700000, 0x0000000097800000, 0x0000000097800000|100%| E|CS|TAMS 0x0000000097700000| PB 0x0000000097700000| Complete 
| 336|0x0000000097800000, 0x0000000097900000, 0x0000000097900000|100%| E|  |TAMS 0x0000000097800000| PB 0x0000000097800000| Complete 
| 337|0x0000000097900000, 0x0000000097a00000, 0x0000000097a00000|100%| E|CS|TAMS 0x0000000097900000| PB 0x0000000097900000| Complete 
| 338|0x0000000097a00000, 0x0000000097b00000, 0x0000000097b00000|100%| E|CS|TAMS 0x0000000097a00000| PB 0x0000000097a00000| Complete 
| 339|0x0000000097b00000, 0x0000000097c00000, 0x0000000097c00000|100%| E|CS|TAMS 0x0000000097b00000| PB 0x0000000097b00000| Complete 
| 340|0x0000000097c00000, 0x0000000097d00000, 0x0000000097d00000|100%| E|CS|TAMS 0x0000000097c00000| PB 0x0000000097c00000| Complete 
| 341|0x0000000097d00000, 0x0000000097e00000, 0x0000000097e00000|100%| E|CS|TAMS 0x0000000097d00000| PB 0x0000000097d00000| Complete 
| 342|0x0000000097e00000, 0x0000000097f00000, 0x0000000097f00000|100%| E|CS|TAMS 0x0000000097e00000| PB 0x0000000097e00000| Complete 
| 343|0x0000000097f00000, 0x0000000098000000, 0x0000000098000000|100%| E|CS|TAMS 0x0000000097f00000| PB 0x0000000097f00000| Complete 
| 344|0x0000000098000000, 0x0000000098100000, 0x0000000098100000|100%| E|CS|TAMS 0x0000000098000000| PB 0x0000000098000000| Complete 
| 345|0x0000000098100000, 0x0000000098200000, 0x0000000098200000|100%| E|CS|TAMS 0x0000000098100000| PB 0x0000000098100000| Complete 
| 346|0x0000000098200000, 0x0000000098300000, 0x0000000098300000|100%| E|CS|TAMS 0x0000000098200000| PB 0x0000000098200000| Complete 
| 347|0x0000000098300000, 0x0000000098400000, 0x0000000098400000|100%| E|CS|TAMS 0x0000000098300000| PB 0x0000000098300000| Complete 
|2005|0x00000000ffd00000, 0x00000000ffe00000, 0x00000000ffe00000|100%| E|CS|TAMS 0x00000000ffd00000| PB 0x00000000ffd00000| Complete 
|2006|0x00000000ffe00000, 0x00000000fff00000, 0x00000000fff00000|100%| O|  |TAMS 0x00000000ffe00000| PB 0x00000000ffe00000| Untracked 
|2007|0x00000000fff00000, 0x0000000100000000, 0x0000000100000000|100%| O|  |TAMS 0x00000000fff00000| PB 0x00000000fff00000| Untracked 

Card table byte_map: [0x000001a1a7b30000,0x000001a1a7f20000] _byte_map_base: 0x000001a1a771c000

Marking Bits: (CMBitMap*) 0x000001a19c1f2800
 Bits: [0x000001a1a7f20000, 0x000001a1a9e80000)

Polling page: 0x000001a19a300000

Metaspace:

Usage:
  Non-class:     82.49 MB used.
      Class:     13.13 MB used.
       Both:     95.63 MB used.

Virtual space:
  Non-class space:      128.00 MB reserved,      83.00 MB ( 65%) committed,  2 nodes.
      Class space:        1.00 GB reserved,      13.56 MB (  1%) committed,  1 nodes.
             Both:        1.12 GB reserved,      96.56 MB (  8%) committed. 

Chunk freelists:
   Non-Class:  12.17 MB
       Class:  2.47 MB
        Both:  14.64 MB

MaxMetaspaceSize: unlimited
CompressedClassSpaceSize: 1.00 GB
Initial GC threshold: 21.00 MB
Current GC threshold: 124.81 MB
CDS: on
 - commit_granule_bytes: 65536.
 - commit_granule_words: 8192.
 - virtual_space_node_default_size: 8388608.
 - enlarge_chunks_in_place: 1.
 - use_allocation_guard: 0.


Internal statistics:

num_allocs_failed_limit: 15.
num_arena_births: 1482.
num_arena_deaths: 0.
num_vsnodes_births: 3.
num_vsnodes_deaths: 0.
num_space_committed: 1545.
num_space_uncommitted: 0.
num_chunks_returned_to_freelist: 15.
num_chunks_taken_from_freelist: 4840.
num_chunk_merges: 15.
num_chunk_splits: 3598.
num_chunks_enlarged: 2863.
num_inconsistent_stats: 0.

CodeCache: size=49152Kb used=12513Kb max_used=13292Kb free=36639Kb
 bounds [0x000001a1a4630000, 0x000001a1a5330000, 0x000001a1a7630000]
 total_blobs=7892 nmethods=7050 adapters=765
 compilation: enabled
              stopped_count=0, restarted_count=0
 full_count=0

Compilation events (20 events):
Event: 23.412 Thread 0x000001a1ac8d1620 nmethod 7134 0x000001a1a4841c10 code [0x000001a1a4841ea0, 0x000001a1a48428e0]
Event: 23.412 Thread 0x000001a1ac8d1620 7135   !   1       sun.nio.ch.NioSocketImpl::beginRead (30 bytes)
Event: 23.412 Thread 0x000001a1ac8d1620 nmethod 7135 0x000001a1a4841690 code [0x000001a1a4841840, 0x000001a1a4841a90]
Event: 23.412 Thread 0x000001a1f2d75630 nmethod 7133 0x000001a1a4840b10 code [0x000001a1a4840d60, 0x000001a1a4841268]
Event: 23.441 Thread 0x000001a1f2d75630 7136   !   1       sun.nio.ch.NioSocketImpl::endRead (58 bytes)
Event: 23.441 Thread 0x000001a1f2d75630 nmethod 7136 0x000001a1a4840410 code [0x000001a1a48405e0, 0x000001a1a48408d0]
Event: 23.519 Thread 0x000001a1f2d75630 7137       1       java.util.concurrent.ThreadPoolExecutor::runStateAtLeast (11 bytes)
Event: 23.519 Thread 0x000001a1ac8d1620 7138       1       java.util.concurrent.atomic.AtomicLong::get (5 bytes)
Event: 23.519 Thread 0x000001a1f2d75630 nmethod 7137 0x000001a1a4840110 code [0x000001a1a48402a0, 0x000001a1a4840358]
Event: 23.519 Thread 0x000001a1ac8d1620 nmethod 7138 0x000001a1a483fe10 code [0x000001a1a483ffa0, 0x000001a1a4840070]
Event: 24.045 Thread 0x000001a1ac8d1620 7139       1       io.netty.util.internal.shaded.org.jctools.queues.BaseMpscLinkedArrayQueueConsumerFields::lpConsumerIndex (5 bytes)
Event: 24.045 Thread 0x000001a1ac8d1620 nmethod 7139 0x000001a1a483fb10 code [0x000001a1a483fca0, 0x000001a1a483fd70]
Event: 24.176 Thread 0x000001a1ac8d1620 7140       1       tools.jackson.databind.JavaType::hashCode (5 bytes)
Event: 24.176 Thread 0x000001a1ac8d1620 nmethod 7140 0x000001a1a483f810 code [0x000001a1a483f9a0, 0x000001a1a483fa68]
Event: 24.176 Thread 0x000001a1ac8d1620 7141       1       java.lang.Thread::getId (5 bytes)
Event: 24.176 Thread 0x000001a1ac8d1620 nmethod 7141 0x000001a1a483f510 code [0x000001a1a483f6a0, 0x000001a1a483f768]
Event: 24.179 Thread 0x000001a1ac8d1620 7142       1       org.springframework.util.LinkedCaseInsensitiveMap::convertKey (9 bytes)
Event: 24.179 Thread 0x000001a1ac8d1620 nmethod 7142 0x000001a1a483f110 code [0x000001a1a483f2c0, 0x000001a1a483f428]
Event: 24.179 Thread 0x000001a1ac8d1620 7143       1       org.springframework.util.LinkedCaseInsensitiveMap::removeEldestEntry (2 bytes)
Event: 24.179 Thread 0x000001a1ac8d1620 nmethod 7143 0x000001a1a483ee10 code [0x000001a1a483efa0, 0x000001a1a483f068]

GC Heap History (20 events):
Event: 6.301 GC heap before
{Heap before GC invocations=14 (full 0):
 garbage-first heap   total 86016K, used 75826K [0x0000000082800000, 0x0000000100000000)
  region size 1024K, 43 young (44032K), 5 survivors (5120K)
 Metaspace       used 71140K, committed 71936K, reserved 1114112K
  class space    used 10055K, committed 10432K, reserved 1048576K
}
Event: 6.310 GC heap after
{Heap after GC invocations=15 (full 0):
 garbage-first heap   total 89088K, used 43645K [0x0000000082800000, 0x0000000100000000)
  region size 1024K, 6 young (6144K), 6 survivors (6144K)
 Metaspace       used 71140K, committed 71936K, reserved 1114112K
  class space    used 10055K, committed 10432K, reserved 1048576K
}
Event: 6.356 GC heap before
{Heap before GC invocations=15 (full 0):
 garbage-first heap   total 89088K, used 60029K [0x0000000082800000, 0x0000000100000000)
  region size 1024K, 21 young (21504K), 6 survivors (6144K)
 Metaspace       used 71174K, committed 72000K, reserved 1114112K
  class space    used 10060K, committed 10432K, reserved 1048576K
}
Event: 6.368 GC heap after
{Heap after GC invocations=16 (full 0):
 garbage-first heap   total 89088K, used 54183K [0x0000000082800000, 0x0000000100000000)
  region size 1024K, 5 young (5120K), 5 survivors (5120K)
 Metaspace       used 71174K, committed 72000K, reserved 1114112K
  class space    used 10060K, committed 10432K, reserved 1048576K
}
Event: 6.607 GC heap before
{Heap before GC invocations=17 (full 0):
 garbage-first heap   total 102400K, used 75687K [0x0000000082800000, 0x0000000100000000)
  region size 1024K, 24 young (24576K), 5 survivors (5120K)
 Metaspace       used 74363K, committed 75200K, reserved 1114112K
  class space    used 10319K, committed 10688K, reserved 1048576K
}
Event: 6.613 GC heap after
{Heap after GC invocations=18 (full 0):
 garbage-first heap   total 102400K, used 62232K [0x0000000082800000, 0x0000000100000000)
  region size 1024K, 3 young (3072K), 3 survivors (3072K)
 Metaspace       used 74363K, committed 75200K, reserved 1114112K
  class space    used 10319K, committed 10688K, reserved 1048576K
}
Event: 6.739 GC heap before
{Heap before GC invocations=18 (full 0):
 garbage-first heap   total 102400K, used 81688K [0x0000000082800000, 0x0000000100000000)
  region size 1024K, 23 young (23552K), 3 survivors (3072K)
 Metaspace       used 75634K, committed 76352K, reserved 1114112K
  class space    used 10480K, committed 10816K, reserved 1048576K
}
Event: 6.744 GC heap after
{Heap after GC invocations=19 (full 0):
 garbage-first heap   total 122880K, used 66240K [0x0000000082800000, 0x0000000100000000)
  region size 1024K, 3 young (3072K), 3 survivors (3072K)
 Metaspace       used 75634K, committed 76352K, reserved 1114112K
  class space    used 10480K, committed 10816K, reserved 1048576K
}
Event: 6.747 GC heap before
{Heap before GC invocations=19 (full 0):
 garbage-first heap   total 122880K, used 67264K [0x0000000082800000, 0x0000000100000000)
  region size 1024K, 5 young (5120K), 3 survivors (3072K)
 Metaspace       used 75634K, committed 76352K, reserved 1114112K
  class space    used 10480K, committed 10816K, reserved 1048576K
}
Event: 6.749 GC heap after
{Heap after GC invocations=20 (full 0):
 garbage-first heap   total 122880K, used 67241K [0x0000000082800000, 0x0000000100000000)
  region size 1024K, 1 young (1024K), 1 survivors (1024K)
 Metaspace       used 75634K, committed 76352K, reserved 1114112K
  class space    used 10480K, committed 10816K, reserved 1048576K
}
Event: 6.831 GC heap before
{Heap before GC invocations=21 (full 0):
 garbage-first heap   total 133120K, used 97961K [0x0000000082800000, 0x0000000100000000)
  region size 1024K, 28 young (28672K), 1 survivors (1024K)
 Metaspace       used 75677K, committed 76416K, reserved 1179648K
  class space    used 10488K, committed 10816K, reserved 1048576K
}
Event: 6.843 GC heap after
{Heap after GC invocations=22 (full 0):
 garbage-first heap   total 133120K, used 84815K [0x0000000082800000, 0x0000000100000000)
  region size 1024K, 4 young (4096K), 4 survivors (4096K)
 Metaspace       used 75677K, committed 76416K, reserved 1179648K
  class space    used 10488K, committed 10816K, reserved 1048576K
}
Event: 6.915 GC heap before
{Heap before GC invocations=22 (full 0):
 garbage-first heap   total 133120K, used 110415K [0x0000000082800000, 0x0000000100000000)
  region size 1024K, 26 young (26624K), 4 survivors (4096K)
 Metaspace       used 75677K, committed 76416K, reserved 1179648K
  class space    used 10488K, committed 10816K, reserved 1048576K
}
Event: 6.926 GC heap after
{Heap after GC invocations=23 (full 0):
 garbage-first heap   total 133120K, used 93386K [0x0000000082800000, 0x0000000100000000)
  region size 1024K, 4 young (4096K), 4 survivors (4096K)
 Metaspace       used 75677K, committed 76416K, reserved 1179648K
  class space    used 10488K, committed 10816K, reserved 1048576K
}
Event: 6.955 GC heap before
{Heap before GC invocations=23 (full 0):
 garbage-first heap   total 133120K, used 98506K [0x0000000082800000, 0x0000000100000000)
  region size 1024K, 11 young (11264K), 4 survivors (4096K)
 Metaspace       used 75677K, committed 76416K, reserved 1179648K
  class space    used 10488K, committed 10816K, reserved 1048576K
}
Event: 6.963 GC heap after
{Heap after GC invocations=24 (full 0):
 garbage-first heap   total 133120K, used 99527K [0x0000000082800000, 0x0000000100000000)
  region size 1024K, 3 young (3072K), 3 survivors (3072K)
 Metaspace       used 75677K, committed 76416K, reserved 1179648K
  class space    used 10488K, committed 10816K, reserved 1048576K
}
Event: 7.106 GC heap before
{Heap before GC invocations=25 (full 0):
 garbage-first heap   total 174080K, used 109767K [0x0000000082800000, 0x0000000100000000)
  region size 1024K, 15 young (15360K), 3 survivors (3072K)
 Metaspace       used 76620K, committed 77440K, reserved 1179648K
  class space    used 10635K, committed 11008K, reserved 1048576K
}
Event: 7.110 GC heap after
{Heap after GC invocations=26 (full 0):
 garbage-first heap   total 174080K, used 102400K [0x0000000082800000, 0x0000000100000000)
  region size 1024K, 2 young (2048K), 2 survivors (2048K)
 Metaspace       used 76620K, committed 77440K, reserved 1179648K
  class space    used 10635K, committed 11008K, reserved 1048576K
}
Event: 7.581 GC heap before
{Heap before GC invocations=26 (full 0):
 garbage-first heap   total 174080K, used 129024K [0x0000000082800000, 0x0000000100000000)
  region size 1024K, 28 young (28672K), 2 survivors (2048K)
 Metaspace       used 80636K, committed 81408K, reserved 1179648K
  class space    used 11166K, committed 11520K, reserved 1048576K
}
Event: 7.587 GC heap after
{Heap after GC invocations=27 (full 0):
 garbage-first heap   total 359424K, used 102481K [0x0000000082800000, 0x0000000100000000)
  region size 1024K, 4 young (4096K), 4 survivors (4096K)
 Metaspace       used 80636K, committed 81408K, reserved 1179648K
  class space    used 11166K, committed 11520K, reserved 1048576K
}

Dll operation events (12 events):
Event: 0.014 Loaded shared library C:\Program Files (x86)\Java\jdk-21.0.11\bin\java.dll
Event: 0.437 Loaded shared library C:\Program Files (x86)\Java\jdk-21.0.11\bin\zip.dll
Event: 0.444 Loaded shared library C:\Program Files (x86)\Java\jdk-21.0.11\bin\instrument.dll
Event: 0.453 Loaded shared library C:\Program Files (x86)\Java\jdk-21.0.11\bin\net.dll
Event: 0.456 Loaded shared library C:\Program Files (x86)\Java\jdk-21.0.11\bin\nio.dll
Event: 0.460 Loaded shared library C:\Program Files (x86)\Java\jdk-21.0.11\bin\zip.dll
Event: 0.616 Loaded shared library C:\Program Files (x86)\Java\jdk-21.0.11\bin\jimage.dll
Event: 0.629 Loaded shared library C:\Program Files (x86)\Java\jdk-21.0.11\bin\extnet.dll
Event: 0.647 Loaded shared library C:\Program Files (x86)\Java\jdk-21.0.11\bin\management.dll
Event: 0.666 Loaded shared library C:\Program Files (x86)\Java\jdk-21.0.11\bin\management_ext.dll
Event: 2.032 Loaded shared library C:\Program Files (x86)\Java\jdk-21.0.11\bin\sunmscapi.dll
Event: 21.929 Loaded shared library C:\Users\yoges\AppData\Local\Temp\netty_quiche42_windows_x86_648190857208226106189.dll

Deoptimization events (6 events):
Event: 2.974 Thread 0x000001a19c198c60 DEOPT PACKING pc=0x000001a1a4e8d8a4 sp=0x00000069f8bfdb50
Event: 2.974 Thread 0x000001a19c198c60 DEOPT UNPACKING pc=0x000001a1a4684e42 sp=0x00000069f8bfd0f8 mode 0
Event: 2.974 Thread 0x000001a19c198c60 DEOPT PACKING pc=0x000001a1a4e6968c sp=0x00000069f8bfdd50
Event: 2.974 Thread 0x000001a19c198c60 DEOPT UNPACKING pc=0x000001a1a4684e42 sp=0x00000069f8bfd210 mode 0
Event: 5.976 Thread 0x000001a19c198c60 DEOPT PACKING pc=0x000001a1a4b6506c sp=0x00000069f8bfb3c0
Event: 5.976 Thread 0x000001a19c198c60 DEOPT UNPACKING pc=0x000001a1a4684e42 sp=0x00000069f8bfa8f0 mode 0

Classes loaded (20 events):
Event: 24.172 Loading class sun/net/www/http/KeepAliveStream
Event: 24.172 Loading class sun/net/www/http/Hurryable
Event: 24.172 Loading class sun/net/www/http/Hurryable done
Event: 24.172 Loading class sun/net/www/MeteredStream
Event: 24.173 Loading class sun/net/www/MeteredStream done
Event: 24.173 Loading class sun/net/www/http/KeepAliveStream done
Event: 24.173 Loading class sun/net/www/http/KeepAliveStreamCleaner
Event: 24.173 Loading class sun/net/www/http/KeepAliveStreamCleaner done
Event: 24.174 Loading class sun/net/www/http/KeepAliveStreamCleaner$1
Event: 24.174 Loading class sun/net/www/http/KeepAliveStreamCleaner$1 done
Event: 24.174 Loading class sun/net/www/http/KeepAliveStreamCleaner$2
Event: 24.174 Loading class sun/net/www/http/KeepAliveStreamCleaner$2 done
Event: 24.174 Loading class sun/net/www/protocol/http/HttpURLConnection$HttpInputStream
Event: 24.175 Loading class sun/net/www/protocol/http/HttpURLConnection$HttpInputStream done
Event: 24.176 Loading class sun/net/www/http/KeepAliveCache$1
Event: 24.176 Loading class sun/net/www/http/KeepAliveCache$1 done
Event: 24.177 Loading class sun/net/www/http/KeepAliveCache$ClientVector
Event: 24.177 Loading class sun/net/www/http/KeepAliveCache$ClientVector done
Event: 24.177 Loading class sun/net/www/http/KeepAliveEntry
Event: 24.177 Loading class sun/net/www/http/KeepAliveEntry done

Classes unloaded (0 events):
No events

Classes redefined (0 events):
No events

Internal exceptions (20 events):
Event: 22.158 Thread 0x000001a1f5adb080 Exception <a 'java/lang/NoSuchMethodError'{0x00000000941cf0a8}: 'java.lang.Object java.lang.invoke.DirectMethodHandle$Holder.invokeStatic(java.lang.Object, java.lang.Object, java.lang.Object, java.lang.Object, java.lang.Object, java.lang.Object, int, java.lang.Object, java.lang.Object)'> (0x00000000941cf0a8) 
thrown [s\open\src\hotspot\share\interpreter\linkResolver.cpp, line 773]
Event: 22.158 Thread 0x000001a1f5adb080 Exception <a 'java/lang/NoSuchMethodError'{0x00000000941d86e0}: 'java.lang.Object java.lang.invoke.DirectMethodHandle$Holder.newInvokeSpecial(java.lang.Object, java.lang.Object, java.lang.Object, java.lang.Object, java.lang.Object, java.lang.Object, int, java.lang.Object)'> (0x00000000941d86e0) 
thrown [s\open\src\hotspot\share\interpreter\linkResolver.cpp, line 773]
Event: 22.159 Thread 0x000001a1f5adb080 Exception <a 'java/lang/NoSuchMethodError'{0x00000000941e05d8}: 'java.lang.Object java.lang.invoke.Invokers$Holder.linkToTargetMethod(java.lang.Object, java.lang.Object, java.lang.Object, java.lang.Object, java.lang.Object, int, java.lang.Object, java.lang.Object)'> (0x00000000941e05d8) 
thrown [s\open\src\hotspot\share\interpreter\linkResolver.cpp, line 773]
Event: 22.240 Thread 0x000001a1fa0fc740 Exception <a 'java/lang/NoSuchMethodError'{0x0000000093eb1268}: 'java.lang.Object java.lang.invoke.DirectMethodHandle$Holder.invokeStatic(java.lang.Object, java.lang.Object, java.lang.Object, int, java.lang.Object, java.lang.Object)'> (0x0000000093eb1268) 
thrown [s\open\src\hotspot\share\interpreter\linkResolver.cpp, line 773]
Event: 22.367 Thread 0x000001a1fa0ffbc0 Exception <a 'java/lang/NoSuchMethodError'{0x00000000935c5828}: 'java.lang.Object java.lang.invoke.DirectMethodHandle$Holder.invokeSpecial(java.lang.Object, java.lang.Object, java.lang.Object, int, int)'> (0x00000000935c5828) 
thrown [s\open\src\hotspot\share\interpreter\linkResolver.cpp, line 773]
Event: 22.531 Thread 0x000001a1fa0fc740 Exception <a 'java/lang/NoSuchMethodError'{0x00000000933881d0}: 'java.lang.Object java.lang.invoke.DirectMethodHandle$Holder.newInvokeSpecial(java.lang.Object, java.lang.Object, java.lang.Object, long)'> (0x00000000933881d0) 
thrown [s\open\src\hotspot\share\interpreter\linkResolver.cpp, line 773]
Event: 22.531 Thread 0x000001a1fa0fc740 Exception <a 'java/lang/NoSuchMethodError'{0x000000009338bfa0}: 'java.lang.Object java.lang.invoke.DirectMethodHandle$Holder.invokeSpecial(java.lang.Object, java.lang.Object, java.lang.Object, java.lang.Object, long)'> (0x000000009338bfa0) 
thrown [s\open\src\hotspot\share\interpreter\linkResolver.cpp, line 773]
Event: 22.532 Thread 0x000001a1fa0fc740 Exception <a 'java/lang/NoSuchMethodError'{0x000000009338f710}: 'java.lang.Object java.lang.invoke.Invokers$Holder.linkToTargetMethod(java.lang.Object, java.lang.Object, long, java.lang.Object)'> (0x000000009338f710) 
thrown [s\open\src\hotspot\share\interpreter\linkResolver.cpp, line 773]
Event: 22.610 Thread 0x000001a1fa0fc740 Exception <a 'java/lang/NoSuchMethodError'{0x00000000933bf6e0}: 'void java.lang.invoke.Invokers$Holder.invokeExact_MT(java.lang.Object, java.lang.Object)'> (0x00000000933bf6e0) 
thrown [s\open\src\hotspot\share\interpreter\linkResolver.cpp, line 773]
Event: 22.682 Thread 0x000001a1fa0fc740 Exception <a 'java/lang/NoSuchMethodError'{0x0000000092f7e0f8}: 'void java.lang.invoke.DirectMethodHandle$Holder.invokeStatic(java.lang.Object, int)'> (0x0000000092f7e0f8) 
thrown [s\open\src\hotspot\share\interpreter\linkResolver.cpp, line 773]
Event: 22.682 Thread 0x000001a1fa0fc740 Exception <a 'java/lang/NoSuchMethodError'{0x0000000092f81588}: 'void java.lang.invoke.DirectMethodHandle$Holder.invokeStaticInit(java.lang.Object, int)'> (0x0000000092f81588) 
thrown [s\open\src\hotspot\share\interpreter\linkResolver.cpp, line 773]
Event: 22.682 Thread 0x000001a1fa0fc740 Exception <a 'java/lang/NoSuchMethodError'{0x0000000092f86880}: 'void java.lang.invoke.DirectMethodHandle$Holder.invokeSpecial(java.lang.Object, java.lang.Object, int)'> (0x0000000092f86880) 
thrown [s\open\src\hotspot\share\interpreter\linkResolver.cpp, line 773]
Event: 22.750 Thread 0x000001a1fa0fc740 Exception <a 'java/lang/NoSuchMethodError'{0x0000000092d81930}: 'java.lang.Object java.lang.invoke.DirectMethodHandle$Holder.invokeStaticInit(java.lang.Object, java.lang.Object, java.lang.Object, java.lang.Object, java.lang.Object)'> (0x0000000092d81930) 
thrown [s\open\src\hotspot\share\interpreter\linkResolver.cpp, line 773]
Event: 22.751 Thread 0x000001a1fa0fc740 Exception <a 'java/lang/NoSuchMethodError'{0x0000000092d85238}: 'java.lang.Object java.lang.invoke.Invokers$Holder.invoke_MT(java.lang.Object, java.lang.Object, java.lang.Object, java.lang.Object, java.lang.Object, java.lang.Object)'> (0x0000000092d85238) 
thrown [s\open\src\hotspot\share\interpreter\linkResolver.cpp, line 773]
Event: 22.752 Thread 0x000001a1fa0fc740 Exception <a 'java/lang/NoSuchMethodError'{0x0000000092d8c2e8}: 'int java.lang.invoke.DirectMethodHandle$Holder.invokeStaticInit(java.lang.Object, java.lang.Object, java.lang.Object, java.lang.Object, java.lang.Object)'> (0x0000000092d8c2e8) 
thrown [s\open\src\hotspot\share\interpreter\linkResolver.cpp, line 773]
Event: 22.752 Thread 0x000001a1fa0fc740 Exception <a 'java/lang/NoSuchMethodError'{0x0000000092d8fae8}: 'int java.lang.invoke.DirectMethodHandle$Holder.invokeStaticInit(java.lang.Object, int)'> (0x0000000092d8fae8) 
thrown [s\open\src\hotspot\share\interpreter\linkResolver.cpp, line 773]
Event: 22.752 Thread 0x000001a1fa0fc740 Exception <a 'java/lang/NoSuchMethodError'{0x0000000092d93508}: 'int java.lang.invoke.DirectMethodHandle$Holder.invokeStatic(java.lang.Object, java.lang.Object, java.lang.Object, java.lang.Object, java.lang.Object, java.lang.Object)'> (0x0000000092d93508) 
thrown [s\open\src\hotspot\share\interpreter\linkResolver.cpp, line 773]
Event: 22.752 Thread 0x000001a1fa0fc740 Exception <a 'java/lang/NoSuchMethodError'{0x0000000092d96c80}: 'int java.lang.invoke.DirectMethodHandle$Holder.invokeStaticInit(java.lang.Object, java.lang.Object, java.lang.Object, java.lang.Object, java.lang.Object, java.lang.Object)'> (0x0000000092d96c80) 
thrown [s\open\src\hotspot\share\interpreter\linkResolver.cpp, line 773]
Event: 22.754 Thread 0x000001a1fa0fc740 Exception <a 'java/lang/NoSuchMethodError'{0x0000000092dbce20}: 'int java.lang.invoke.DirectMethodHandle$Holder.invokeSpecial(java.lang.Object, java.lang.Object, int, java.lang.Object)'> (0x0000000092dbce20) 
thrown [s\open\src\hotspot\share\interpreter\linkResolver.cpp, line 773]
Event: 22.755 Thread 0x000001a1fa0fc740 Exception <a 'java/lang/NoSuchMethodError'{0x0000000092dd1c30}: 'int java.lang.invoke.Invokers$Holder.linkToTargetMethod(java.lang.Object, int, java.lang.Object)'> (0x0000000092dd1c30) 
thrown [s\open\src\hotspot\share\interpreter\linkResolver.cpp, line 773]

ZGC Phase Switch (0 events):
No events

VM Operations (20 events):
Event: 20.285 Executing VM operation: HandshakeAllThreads (Deoptimize)
Event: 20.285 Executing VM operation: HandshakeAllThreads (Deoptimize) done
Event: 21.289 Executing VM operation: Cleanup
Event: 21.289 Executing VM operation: Cleanup done
Event: 21.607 Executing VM operation: HandshakeAllThreads (Deoptimize)
Event: 21.607 Executing VM operation: HandshakeAllThreads (Deoptimize) done
Event: 21.621 Executing VM operation: HandshakeAllThreads (Deoptimize)
Event: 21.621 Executing VM operation: HandshakeAllThreads (Deoptimize) done
Event: 22.440 Executing VM operation: HandshakeAllThreads (Deoptimize)
Event: 22.440 Executing VM operation: HandshakeAllThreads (Deoptimize) done
Event: 22.440 Executing VM operation: Cleanup
Event: 22.440 Executing VM operation: Cleanup done
Event: 23.218 Executing VM operation: HandshakeAllThreads (Deoptimize)
Event: 23.218 Executing VM operation: HandshakeAllThreads (Deoptimize) done
Event: 23.227 Executing VM operation: HandshakeAllThreads (Deoptimize)
Event: 23.228 Executing VM operation: HandshakeAllThreads (Deoptimize) done
Event: 24.174 Executing VM operation: HandshakeAllThreads (Deoptimize)
Event: 24.174 Executing VM operation: HandshakeAllThreads (Deoptimize) done
Event: 24.174 Executing VM operation: Cleanup
Event: 24.174 Executing VM operation: Cleanup done

Events (20 events):
Event: 10.252 Thread 0x000001a1f47477a0 Thread exited: 0x000001a1f47477a0
Event: 13.510 Thread 0x000001a1f32d6e50 Thread exited: 0x000001a1f32d6e50
Event: 14.910 Thread 0x000001a1ac8966b0 Thread exited: 0x000001a1ac8966b0
Event: 19.926 Thread 0x000001a1ac896000 Thread exited: 0x000001a1ac896000
Event: 21.546 Thread 0x000001a1fa0fc0b0 Thread added: 0x000001a1fa0fc0b0
Event: 22.031 Thread 0x000001a1fa0ffbc0 Thread added: 0x000001a1fa0ffbc0
Event: 22.031 Thread 0x000001a1fa0fc740 Thread added: 0x000001a1fa0fc740
Event: 22.031 Thread 0x000001a1fa0fe810 Thread added: 0x000001a1fa0fe810
Event: 22.031 Thread 0x000001a1fa100250 Thread added: 0x000001a1fa100250
Event: 22.031 Thread 0x000001a1fa1008e0 Thread added: 0x000001a1fa1008e0
Event: 22.031 Thread 0x000001a1fa0fd460 Thread added: 0x000001a1fa0fd460
Event: 22.031 Thread 0x000001a1fa0feea0 Thread added: 0x000001a1fa0feea0
Event: 22.031 Thread 0x000001a1fa100f70 Thread added: 0x000001a1fa100f70
Event: 22.068 Thread 0x000001a1fa0fdaf0 Thread added: 0x000001a1fa0fdaf0
Event: 22.352 Thread 0x000001a1f2d75630 Thread added: 0x000001a1f2d75630
Event: 22.702 Thread 0x000001a1fa101600 Thread added: 0x000001a1fa101600
Event: 23.409 Thread 0x000001a1fa0fe180 Thread added: 0x000001a1fa0fe180
Event: 23.410 Thread 0x000001a1fa0fe180 Thread exited: 0x000001a1fa0fe180
Event: 24.045 Thread 0x000001a1f2d75630 Thread exited: 0x000001a1f2d75630
Event: 24.177 Thread 0x000001a1fa0fe180 Thread added: 0x000001a1fa0fe180


Dynamic libraries:
0x00007ff7cdc40000 - 0x00007ff7cdc50000 	C:\Program Files (x86)\Java\jdk-21.0.11\bin\java.exe
0x00007ffbb1d20000 - 0x00007ffbb1f87000 	C:\WINDOWS\SYSTEM32\ntdll.dll
0x00007ffbb1330000 - 0x00007ffbb13fb000 	C:\WINDOWS\System32\KERNEL32.DLL
0x00007ffbaf630000 - 0x00007ffbafa32000 	C:\WINDOWS\System32\KERNELBASE.dll
0x00007ffbaefb0000 - 0x00007ffbaf0fc000 	C:\WINDOWS\System32\ucrtbase.dll
0x00007ffba6400000 - 0x00007ffba641e000 	C:\Program Files (x86)\Java\jdk-21.0.11\bin\VCRUNTIME140.dll
0x00007ffba9b80000 - 0x00007ffba9b99000 	C:\Program Files (x86)\Java\jdk-21.0.11\bin\jli.dll
0x00007ffbb02d0000 - 0x00007ffbb038c000 	C:\WINDOWS\System32\ADVAPI32.dll
0x00007ffbb1a50000 - 0x00007ffbb1af9000 	C:\WINDOWS\System32\msvcrt.dll
0x00007ffbafc20000 - 0x00007ffbafcc9000 	C:\WINDOWS\System32\sechost.dll
0x00007ffbb00c0000 - 0x00007ffbb01d8000 	C:\WINDOWS\System32\RPCRT4.dll
0x00007ffbb1b00000 - 0x00007ffbb1ccf000 	C:\WINDOWS\System32\USER32.dll
0x00007ffbaf340000 - 0x00007ffbaf367000 	C:\WINDOWS\System32\win32u.dll
0x00007ffbafbe0000 - 0x00007ffbafc0b000 	C:\WINDOWS\System32\GDI32.dll
0x00007ffbaf370000 - 0x00007ffbaf499000 	C:\WINDOWS\System32\gdi32full.dll
0x00007ffb98620000 - 0x00007ffb988b0000 	C:\WINDOWS\WinSxS\amd64_microsoft.windows.common-controls_6595b64144ccf1df_6.0.26100.9278_none_3e0d1ba8e3303201\COMCTL32.dll
0x00007ffbaf1d0000 - 0x00007ffbaf273000 	C:\WINDOWS\System32\msvcp_win.dll
0x00007ffba7e90000 - 0x00007ffba7e9b000 	C:\WINDOWS\SYSTEM32\VERSION.dll
0x00007ffbafff0000 - 0x00007ffbb0021000 	C:\WINDOWS\System32\IMM32.DLL
0x00007ffba9b70000 - 0x00007ffba9b7c000 	C:\Program Files (x86)\Java\jdk-21.0.11\bin\vcruntime140_1.dll
0x00007ffb9e050000 - 0x00007ffb9e0dd000 	C:\Program Files (x86)\Java\jdk-21.0.11\bin\msvcp140.dll
0x00007ffb382a0000 - 0x00007ffb38fc8000 	C:\Program Files (x86)\Java\jdk-21.0.11\bin\server\jvm.dll
0x00007ffbb04b0000 - 0x00007ffbb0530000 	C:\WINDOWS\System32\WS2_32.dll
0x00007ffb99500000 - 0x00007ffb99536000 	C:\WINDOWS\SYSTEM32\WINMM.dll
0x00007ffbaed80000 - 0x00007ffbaedde000 	C:\WINDOWS\SYSTEM32\POWRPROF.dll
0x00007ffbaed60000 - 0x00007ffbaed75000 	C:\WINDOWS\SYSTEM32\UMPDC.dll
0x00007ffbadbd0000 - 0x00007ffbadbeb000 	C:\WINDOWS\SYSTEM32\kernel.appcore.dll
0x00007ffb9eeb0000 - 0x00007ffb9eeba000 	C:\Program Files (x86)\Java\jdk-21.0.11\bin\jimage.dll
0x00007ffbac440000 - 0x00007ffbac68c000 	C:\WINDOWS\SYSTEM32\DBGHELP.DLL
0x00007ffbb0e40000 - 0x00007ffbb11c5000 	C:\WINDOWS\System32\combase.dll
0x00007ffbb03a0000 - 0x00007ffbb0479000 	C:\WINDOWS\System32\OLEAUT32.dll
0x00007ffb888d0000 - 0x00007ffb8890b000 	C:\WINDOWS\SYSTEM32\dbgcore.DLL
0x00007ffbaf110000 - 0x00007ffbaf1bc000 	C:\WINDOWS\System32\bcryptPrimitives.dll
0x00007ffb9eea0000 - 0x00007ffb9eeb0000 	C:\Program Files (x86)\Java\jdk-21.0.11\bin\instrument.dll
0x00007ffb9e020000 - 0x00007ffb9e041000 	C:\Program Files (x86)\Java\jdk-21.0.11\bin\java.dll
0x00007ffbb06a0000 - 0x00007ffbb0e38000 	C:\WINDOWS\System32\SHELL32.dll
0x00007ffbac960000 - 0x00007ffbad20e000 	C:\WINDOWS\SYSTEM32\windows.storage.dll
0x00007ffbb1230000 - 0x00007ffbb132b000 	C:\WINDOWS\System32\SHCORE.dll
0x00007ffbb1500000 - 0x00007ffbb1566000 	C:\WINDOWS\System32\shlwapi.dll
0x00007ffbaee40000 - 0x00007ffbaee69000 	C:\WINDOWS\SYSTEM32\profapi.dll
0x00007ffb9dfc0000 - 0x00007ffb9dfd8000 	C:\Program Files (x86)\Java\jdk-21.0.11\bin\zip.dll
0x00007ffb9e000000 - 0x00007ffb9e011000 	C:\Program Files (x86)\Java\jdk-21.0.11\bin\net.dll
0x00007ffba62d0000 - 0x00007ffba63fa000 	C:\WINDOWS\SYSTEM32\WINHTTP.dll
0x00007ffbae1b0000 - 0x00007ffbae21c000 	C:\WINDOWS\system32\mswsock.dll
0x00007ffb9dfe0000 - 0x00007ffb9dff6000 	C:\Program Files (x86)\Java\jdk-21.0.11\bin\nio.dll
0x00007ffb9ee80000 - 0x00007ffb9ee89000 	C:\Program Files (x86)\Java\jdk-21.0.11\bin\extnet.dll
0x00007ffbad660000 - 0x00007ffbad7b8000 	C:\WINDOWS\SYSTEM32\DNSAPI.dll
0x00007ffbadf40000 - 0x00007ffbadf4d000 	C:\WINDOWS\SYSTEM32\DSPARSE.dll
0x00007ffbad5c0000 - 0x00007ffbad5f3000 	C:\WINDOWS\SYSTEM32\IPHLPAPI.DLL
0x00007ffbb0200000 - 0x00007ffbb020a000 	C:\WINDOWS\System32\NSI.dll
0x00007ffb9dc40000 - 0x00007ffb9dc4b000 	C:\Windows\System32\rasadhlp.dll
0x00007ffba14c0000 - 0x00007ffba1546000 	C:\WINDOWS\System32\fwpuclnt.dll
0x00007ffb9dfb0000 - 0x00007ffb9dfba000 	C:\Program Files (x86)\Java\jdk-21.0.11\bin\management.dll
0x00007ffb9df90000 - 0x00007ffb9df9c000 	C:\Program Files (x86)\Java\jdk-21.0.11\bin\management_ext.dll
0x00007ffbafcd0000 - 0x00007ffbafcd8000 	C:\WINDOWS\System32\PSAPI.DLL
0x00007ffbae4c0000 - 0x00007ffbae4db000 	C:\WINDOWS\SYSTEM32\CRYPTSP.dll
0x00007ffbadb20000 - 0x00007ffbadb59000 	C:\WINDOWS\system32\rsaenh.dll
0x00007ffbae260000 - 0x00007ffbae294000 	C:\WINDOWS\SYSTEM32\USERENV.dll
0x00007ffbaee10000 - 0x00007ffbaee3a000 	C:\WINDOWS\SYSTEM32\bcrypt.dll
0x00007ffbae4a0000 - 0x00007ffbae4ac000 	C:\WINDOWS\SYSTEM32\CRYPTBASE.dll
0x00007ffb96c00000 - 0x00007ffb96c18000 	C:\WINDOWS\system32\napinsp.dll
0x00007ffb86240000 - 0x00007ffb86253000 	C:\WINDOWS\System32\winrnr.dll
0x00007ffb85a30000 - 0x00007ffb85a57000 	C:\WINDOWS\system32\nlansp_c.dll
0x00007ffb85e50000 - 0x00007ffb85e66000 	C:\WINDOWS\system32\wshbth.dll
0x00007ffb9df80000 - 0x00007ffb9df8e000 	C:\Program Files (x86)\Java\jdk-21.0.11\bin\sunmscapi.dll
0x00007ffbaf4a0000 - 0x00007ffbaf61e000 	C:\WINDOWS\System32\CRYPT32.dll
0x00007ffbae6e0000 - 0x00007ffbae710000 	C:\WINDOWS\SYSTEM32\ncrypt.dll
0x00007ffbae690000 - 0x00007ffbae6cf000 	C:\WINDOWS\SYSTEM32\NTASN1.dll
0x00007ffb97770000 - 0x00007ffb97778000 	C:\WINDOWS\system32\wshunix.dll
0x00007ffb89540000 - 0x00007ffb89996000 	C:\Users\yoges\AppData\Local\Temp\netty_quiche42_windows_x86_648190857208226106189.dll
0x00007ffba62a0000 - 0x00007ffba62bd000 	C:\WINDOWS\SYSTEM32\dhcpcsvc6.DLL
0x00007ffba5e60000 - 0x00007ffba5e85000 	C:\WINDOWS\SYSTEM32\dhcpcsvc.DLL

dbghelp: loaded successfully - version: 4.0.5 - missing functions: none
symbol engine: initialized successfully - sym options: 0x614 - pdb path: .;C:\Program Files (x86)\Java\jdk-21.0.11\bin;C:\WINDOWS\SYSTEM32;C:\WINDOWS\WinSxS\amd64_microsoft.windows.common-controls_6595b64144ccf1df_6.0.26100.9278_none_3e0d1ba8e3303201;C:\Program Files (x86)\Java\jdk-21.0.11\bin\server;C:\Users\yoges\AppData\Local\Temp

VM Arguments:
jvm_args: -XX:TieredStopAtLevel=1 -Dspring.output.ansi.enabled=always -Dcom.sun.management.jmxremote -Dspring.jmx.enabled=true -Dspring.liveBeansView.mbeanDomain -Dspring.application.admin.enabled=true -Dmanagement.endpoints.jmx.exposure.include=* -javaagent:C:\Program Files\JetBrains\IntelliJ IDEA 2025.2.6.2\lib\idea_rt.jar=58686 -Dfile.encoding=UTF-8 -Dsun.stdout.encoding=UTF-8 -Dsun.stderr.encoding=UTF-8 
java_command: devpilot.backend.BackendApplication
java_class_path (initial): D:\yogesh project\DevPilet\backend\target\classes;C:\Users\yoges\.m2\repository\org\springframework\boot\spring-boot-starter-data-jpa\4.1.1\spring-boot-starter-data-jpa-4.1.1.jar;C:\Users\yoges\.m2\repository\org\springframework\boot\spring-boot-starter\4.1.1\spring-boot-starter-4.1.1.jar;C:\Users\yoges\.m2\repository\org\springframework\boot\spring-boot-starter-logging\4.1.1\spring-boot-starter-logging-4.1.1.jar;C:\Users\yoges\.m2\repository\ch\qos\logback\logback-classic\1.5.38\logback-classic-1.5.38.jar;C:\Users\yoges\.m2\repository\ch\qos\logback\logback-core\1.5.38\logback-core-1.5.38.jar;C:\Users\yoges\.m2\repository\org\apache\logging\log4j\log4j-to-slf4j\2.25.5\log4j-to-slf4j-2.25.5.jar;C:\Users\yoges\.m2\repository\org\apache\logging\log4j\log4j-api\2.25.5\log4j-api-2.25.5.jar;C:\Users\yoges\.m2\repository\org\slf4j\jul-to-slf4j\2.0.18\jul-to-slf4j-2.0.18.jar;C:\Users\yoges\.m2\repository\org\springframework\boot\spring-boot-autoconfigure\4.1.1\spring-boot-autoconfigure-4.1.1.jar;C:\Users\yoges\.m2\repository\jakarta\annotation\jakarta.annotation-api\3.0.0\jakarta.annotation-api-3.0.0.jar;C:\Users\yoges\.m2\repository\org\yaml\snakeyaml\2.6\snakeyaml-2.6.jar;C:\Users\yoges\.m2\repository\org\springframework\boot\spring-boot-starter-jdbc\4.1.1\spring-boot-starter-jdbc-4.1.1.jar;C:\Users\yoges\.m2\repository\com\zaxxer\HikariCP\7.0.2\HikariCP-7.0.2.jar;C:\Users\yoges\.m2\repository\org\slf4j\slf4j-api\2.0.18\slf4j-api-2.0.18.jar;C:\Users\yoges\.m2\repository\org\springframework\boot\spring-boot-data-jpa\4.1.1\spring-boot-data-jpa-4.1.1.jar;C:\Users\yoges\.m2\repository\org\springframework\boot\spring-boot-data-commons\4.1.1\spring-boot-data-commons-4.1.1.jar;C:\Users\yoges\.m2\repository\org\springframework\boot\spring-boot-persistence\4.1.1\spring-boot-persistence-4.1.1.jar;C:\Users\yoges\.m2\repository\org\springframework\data\spring-data-commons\4.1.1\spring-data-commons-4.1.1.jar;C:\Users\yoges\.m2\repository\org\springframework\boot\spring-boot-hibernate\4.1.1\spring-boot-hibernate-4.1.1.jar;C:\Users\yoges\.m2\repository\org\springframework\boot\spring-boot-jpa\4.1.1\spring-boot-jpa-4.1.1.jar;C:\Users\yoges\.m2\repository\jakarta\persistence\jakarta.persistence-api\3.2.0\jakarta.persistence-api-3.2.0.jar;C:\Users\yoges\.m2\repository\org\hibernate\orm\hibernate-core\7.4.5.Final\hibernate-core-7.4.5.Final.jar;C:\Users\yoges\.m2\repository\jakarta\transaction\jakarta.transaction-api\2.0.1\jakarta.transaction-api-2.0.1.jar;C:\Users\yoges\.m2\repository\org\jboss\logging\jboss-logging\3.6.3.Final\jboss-logging-3.6.3.Final.jar;C:\Users\yoges\.m2\repository\org\hibernate\models\hibernate-models\1.1.1\hibernate-models-1.1.1.jar;C:\Users\yoges\.m2\repository\org\glassfish\jaxb\jaxb-runtime\4.0.9\jaxb-runtime-4.0.9.jar;C:\Users\yoges\.m2\repository\org\glassfish\jaxb\jaxb-core\4.0.9\jaxb-core-4.0.9.jar;C:\Users\yoges\.m2\repository\org\eclipse\angus\angus-activation\2.0.3\angus-activation-2.0.3.jar;C:\Users\yoges\.m2\repository\org\glassfish\jaxb\txw2\4.0.9\txw2-4.0.9.jar;C:\Users\yoges\.m2\repository\com\sun\istack\istack-commons-runtime\4.1.2\istack-commons-runtime-4.1.2.jar;C:\Users\yoges\.m2\repository\jakarta\inject\jakarta.inject-api\2.0.1\jakarta.inject-api-2.0.1.jar;C:\Users\yoges\.m2\repository\org\springframework\spring-orm\7.0.9\spring-orm-7.0.9.jar;C:\Users\yoges\.m2\repository\org\springframework\data\spring-data-jpa\4.1.1\spring-data-jpa-4.1.1.jar;C:\Users\yoges\.m2\repository\org\springframework\spring-tx\7.0.9\spring-tx-7.0.9.jar;C:\Users\yoges\.m2\repository\org\antlr\antlr4-runtime\4.13.2\antlr4-runtime-4.13.2.jar;C:\Users\yoges\.m2\repository\org\springframework\spring-aspects\7.0.9\spring-aspects-7.0.9.jar;C:\Users\yoges\.m2\repository\org\aspectj\aspectjweaver\1.9.25.1\aspectjweaver-1.9.25.1.jar;C:\Users\yoges\.m2\repository\org\springframework\boot\spring-boot-jdbc\4.1.1\spring-boot-jdbc-4.1.1.jar;C:\Users\yoges\.m2\repository\org\springframework\boot\spring-boot\4.1.1\spring-boot-4.1.1.jar;C:\Users\yoges\.m2\repository\org\springframework\boot\spring-boot-sql\4.1.1\spring-boot-sql-4.1.1.jar;C:\Users\yoges\.m2\repository\org\springframework\boot\spring-boot-transaction\4.1.1\spring-boot-transaction-4.1.1.jar;C:\Users\yoges\.m2\repository\org\springframework\spring-jdbc\7.0.9\spring-jdbc-7.0.9.jar;C:\Users\yoges\.m2\repository\org\springframework\boot\spring-boot-starter-security\4.1.1\spring-boot-starter-security-4.1.1.jar;C:\Users\yoges\.m2\repository\org\springframework\boot\spring-boot-security\4.1.1\spring-boot-security-4.1.1.jar;C:\Users\yoges\.m2\repository\org\springframework\security\spring-security-config\7.1.1\spring-security-config-7.1.1.jar;C:\Users\yoges\.m2\repository\org\springframework\security\spring-security-web\7.1.1\spring-security-web-7.1.1.jar;C:\Users\yoges\.m2\repository\org\springframework\spring-expression\7.0.9\spring-expression-7.0.9.jar;C:\Users\yoges\.m2\repository\org\springframework\spring-aop\7.0.9\spring-aop-7.0.9.jar;C:\Users\yoges\.m2\repository\org\springframework\spring-beans\7.0.9\spring-beans-7.0.9.jar;C:\Users\yoges\.m2\repository\org\springframework\spring-core\7.0.9\spring-core-7.0.9.jar;C:\Users\yoges\.m2\repository\commons-logging\commons-logging\1.3.6\commons-logging-1.3.6.jar;C:\Users\yoges\.m2\repository\org\jspecify\jspecify\1.0.1\jspecify-1.0.1.jar;C:\Users\yoges\.m2\repository\org\springframework\boot\spring-boot-starter-security-oauth2-client\4.1.1\spring-boot-starter-security-oauth2-client-4.1.1.jar;C:\Users\yoges\.m2\repository\org\springframework\boot\spring-boot-security-oauth2-client\4.1.1\spring-boot-security-oauth2-client-4.1.1.jar;C:\Users\yoges\.m2\repository\org\springframework\security\spring-security-oauth2-client\7.1.1\spring-security-oauth2-client-7.1.1.jar;C:\Users\yoges\.m2\repository\com\nimbusds\oauth2-oidc-sdk\11.38.2\oauth2-oidc-sdk-11.38.2.jar;C:\Users\yoges\.m2\repository\com\github\stephenc\jcip\jcip-annotations\1.0-1\jcip-annotations-1.0-1.jar;C:\Users\yoges\.m2\repository\com\nimbusds\content-type\2.3\content-type-2.3.jar;C:\Users\yoges\.m2\repository\com\nimbusds\lang-tag\1.7\lang-tag-1.7.jar;C:\Users\yoges\.m2\repository\org\springframework\security\spring-security-oauth2-jose\7.1.1\spring-security-oauth2-jose-7.1.1.jar;C:\Users\yoges\.m2\repository\org\springframework\security\spring-security-core\7.1.1\spring-security-core-7.1.1.jar;C:\Users\yoges\.m2\repository\org\springframework\security\spring-security-crypto\7.1.1\spring-security-crypto-7.1.1.jar;C:\Users\yoges\.m2\repository\io\micrometer\micrometer-observation\1.17.1\micrometer-observation-1.17.1.jar;C:\Users\yoges\.m2\repository\org\springframework\security\spring-security-oauth2-core\7.1.1\spring-security-oauth2-core-7.1.1.jar;C:\Users\yoges\.m2\repository\com\nimbusds\nimbus-jose-jwt\10.9.1\nimbus-jose-jwt-10.9.1.jar;C:\Users\yoges\.m2\repository\org\springframework\boot\spring-boot-starter-webmvc\4.1.1\spring-boot-starter-webmvc-4.1.1.jar;C:\Users\yoges\.m2\repository\org\springframework\boot\spring-boot-starter-jackson\4.1.1\spring-boot-starter-jackson-4.1.1.jar;C:\Users\yoges\.m2\repository\org\springframework\boot\spring-boot-jackson\4.1.1\spring-boot-jackson-4.1.1.jar;C:\Users\yoges\.m2\repository\tools\jackson\core\jackson-databind\3.1.5\jackson-databind-3.1.5.jar;C:\Users\yoges\.m2\repository\org\springframework\boot\spring-boot-starter-tomcat\4.1.1\spring-boot-starter-tomcat-4.1.1.jar;C:\Users\yoges\.m2\repository\org\springframework\boot\spring-boot-starter-tomcat-runtime\4.1.1\spring-boot-starter-tomcat-runtime-4.1.1.jar;C:\Users\yoges\.m2\repository\org\apache\tomcat\embed\tomcat-embed-core\11.0.24\tomcat-embed-core-11.0.24.jar;C:\Users\yoges\.m2\repository\org\apache\tomcat\embed\tomcat-embed-el\11.0.24\tomcat-embed-el-11.0.24.jar;C:\Users\yoges\.m2\repository\org\apache\tomcat\embed\tomcat-embed-websocket\11.0.24\tomcat-embed-websocket-11.0.24.jar;C:\Users\yoges\.m2\repository\org\springframework\boot\spring-boot-tomcat\4.1.1\spring-boot-tomcat-4.1.1.jar;C:\Users\yoges\.m2\repository\org\springframework\boot\spring-boot-http-converter\4.1.1\spring-boot-http-converter-4.1.1.jar;C:\Users\yoges\.m2\repository\org\springframework\spring-web\7.0.9\spring-web-7.0.9.jar;C:\Users\yoges\.m2\repository\org\springframework\boot\spring-boot-webmvc\4.1.1\spring-boot-webmvc-4.1.1.jar;C:\Users\yoges\.m2\repository\org\springframework\boot\spring-boot-servlet\4.1.1\spring-boot-servlet-4.1.1.jar;C:\Users\yoges\.m2\repository\org\springframework\spring-webmvc\7.0.9\spring-webmvc-7.0.9.jar;C:\Users\yoges\.m2\repository\org\springframework\ai\spring-ai-starter-model-openai\2.0.1\spring-ai-starter-model-openai-2.0.1.jar;C:\Users\yoges\.m2\repository\org\springframework\boot\spring-boot-starter-webclient\4.1.1\spring-boot-starter-webclient-4.1.1.jar;C:\Users\yoges\.m2\repository\org\springframework\boot\spring-boot-reactor\4.1.1\spring-boot-reactor-4.1.1.jar;C:\Users\yoges\.m2\repository\org\springframework\boot\spring-boot-webclient\4.1.1\spring-boot-webclient-4.1.1.jar;C:\Users\yoges\.m2\repository\org\springframework\boot\spring-boot-http-client\4.1.1\spring-boot-http-client-4.1.1.jar;C:\Users\yoges\.m2\repository\org\springframework\spring-webflux\7.0.9\spring-webflux-7.0.9.jar;C:\Users\yoges\.m2\repository\org\springframework\boot\spring-boot-http-codec\4.1.1\spring-boot-http-codec-4.1.1.jar;C:\Users\yoges\.m2\repository\io\projectreactor\netty\reactor-netty-http\1.3.7\reactor-netty-http-1.3.7.jar;C:\Users\yoges\.m2\repository\io\netty\netty-codec-http\4.2.17.Final\netty-codec-http-4.2.17.Final.jar;C:\Users\yoges\.m2\repository\io\netty\netty-common\4.2.17.Final\netty-common-4.2.17.Final.jar;C:\Users\yoges\.m2\repository\io\netty\netty-buffer\4.2.17.Final\netty-buffer-4.2.17.Final.jar;C:\Users\yoges\.m2\repository\io\netty\netty-transport\4.2.17.Final\netty-transport-4.2.17.Final.jar;C:\Users\yoges\.m2\repository\io\netty\netty-codec-base\4.2.17.Final\netty-codec-base-4.2.17.Final.jar;C:\Users\yoges\.m2\repository\io\netty\netty-codec-compression\4.2.17.Final\netty-codec-compression-4.2.17.Final.jar;C:\Users\yoges\.m2\repository\io\netty\netty-handler\4.2.17.Final\netty-handler-4.2.17.Final.jar;C:\Users\yoges\.m2\repository\io\netty\netty-codec-http2\4.2.17.Final\netty-codec-http2-4.2.17.Final.jar;C:\Users\yoges\.m2\repository\io\netty\netty-codec-http3\4.2.17.Final\netty-codec-http3-4.2.17.Final.jar;C:\Users\yoges\.m2\repository\io\netty\netty-transport-native-unix-common\4.2.17.Final\netty-transport-native-unix-common-4.2.17.Final.jar;C:\Users\yoges\.m2\repository\io\netty\netty-resolver\4.2.17.Final\netty-resolver-4.2.17.Final.jar;C:\Users\yoges\.m2\repository\io\netty\netty-codec-classes-quic\4.2.17.Final\netty-codec-classes-quic-4.2.17.Final.jar;C:\Users\yoges\.m2\repository\io\netty\netty-codec-native-quic\4.2.17.Final\netty-codec-native-quic-4.2.17.Final-linux-x86_64.jar;C:\Users\yoges\.m2\repository\io\netty\netty-codec-native-quic\4.2.17.Final\netty-codec-native-quic-4.2.17.Final-linux-aarch_64.jar;C:\Users\yoges\.m2\repository\io\netty\netty-codec-native-quic\4.2.17.Final\netty-codec-native-quic-4.2.17.Final-osx-x86_64.jar;C:\Users\yoges\.m2\repository\io\netty\netty-codec-native-quic\4.2.17.Final\netty-codec-native-quic-4.2.17.Final-osx-aarch_64.jar;C:\Users\yoges\.m2\repository\io\netty\netty-codec-native-quic\4.2.17.Final\netty-codec-native-quic-4.2.17.Final-windows-x86_64.jar;C:\Users\yoges\.m2\repository\io\netty\netty-resolver-dns\4.2.17.Final\netty-resolver-dns-4.2.17.Final.jar;C:\Users\yoges\.m2\repository\io\netty\netty-codec-dns\4.2.17.Final\netty-codec-dns-4.2.17.Final.jar;C:\Users\yoges\.m2\repository\io\netty\netty-resolver-dns-native-macos\4.2.17.Final\netty-resolver-dns-native-macos-4.2.17.Final-osx-x86_64.jar;C:\Users\yoges\.m2\repository\io\netty\netty-resolver-dns-classes-macos\4.2.17.Final\netty-resolver-dns-classes-macos-4.2.17.Final.jar;C:\Users\yoges\.m2\repository\io\netty\netty-transport-native-epoll\4.2.17.Final\netty-transport-native-epoll-4.2.17.Final-linux-x86_64.jar;C:\Users\yoges\.m2\repository\io\netty\netty-transport-classes-epoll\4.2.17.Final\netty-transport-classes-epoll-4.2.17.Final.jar;C:\Users\yoges\.m2\repository\io\projectreactor\netty\reactor-netty-core\1.3.7\reactor-netty-core-1.3.7.jar;C:\Users\yoges\.m2\repository\io\netty\netty-handler-proxy\4.2.17.Final\netty-handler-proxy-4.2.17.Final.jar;C:\Users\yoges\.m2\repository\io\netty\netty-codec-socks\4.2.17.Final\netty-codec-socks-4.2.17.Final.jar;C:\Users\yoges\.m2\repository\org\springframework\boot\spring-boot-starter-restclient\4.1.1\spring-boot-starter-restclient-4.1.1.jar;C:\Users\yoges\.m2\repository\org\springframework\boot\spring-boot-restclient\4.1.1\spring-boot-restclient-4.1.1.jar;C:\Users\yoges\.m2\repository\org\springframework\ai\spring-ai-autoconfigure-model-openai\2.0.1\spring-ai-autoconfigure-model-openai-2.0.1.jar;C:\Users\yoges\.m2\repository\org\springframework\ai\spring-ai-autoconfigure-model-tool\2.0.1\spring-ai-autoconfigure-model-tool-2.0.1.jar;C:\Users\yoges\.m2\repository\org\springframework\ai\spring-ai-autoconfigure-retry\2.0.1\spring-ai-autoconfigure-retry-2.0.1.jar;C:\Users\yoges\.m2\repository\org\springframework\ai\spring-ai-autoconfigure-model-chat-observation\2.0.1\spring-ai-autoconfigure-model-chat-observation-2.0.1.jar;C:\Users\yoges\.m2\repository\org\springframework\ai\spring-ai-autoconfigure-model-embedding-observation\2.0.1\spring-ai-autoconfigure-model-embedding-observation-2.0.1.jar;C:\Users\yoges\.m2\repository\org\springframework\ai\spring-ai-autoconfigure-model-image-observation\2.0.1\spring-ai-autoconfigure-model-image-observation-2.0.1.jar;C:\Users\yoges\.m2\repository\org\springframework\ai\spring-ai-openai\2.0.1\spring-ai-openai-2.0.1.jar;C:\Users\yoges\.m2\repository\org\springframework\ai\spring-ai-model\2.0.1\spring-ai-model-2.0.1.jar;C:\Users\yoges\.m2\repository\org\springframework\ai\spring-ai-commons\2.0.1\spring-ai-commons-2.0.1.jar;C:\Users\yoges\.m2\repository\org\springframework\ai\spring-ai-template-st\2.0.1\spring-ai-template-st-2.0.1.jar;C:\Users\yoges\.m2\repository\org\antlr\ST4\4.3.4\ST4-4.3.4.jar;C:\Users\yoges\.m2\repository\org\antlr\antlr-runtime\3.5.3\antlr-runtime-3.5.3.jar;C:\Users\yoges\.m2\repository\org\springframework\spring-messaging\7.0.9\spring-messaging-7.0.9.jar;C:\Users\yoges\.m2\repository\com\github\victools\jsonschema-module-jackson\5.0.0\jsonschema-module-jackson-5.0.0.jar;C:\Users\yoges\.m2\repository\com\openai\openai-java-core\4.49.0\openai-java-core-4.49.0.jar;C:\Users\yoges\.m2\repository\com\fasterxml\jackson\core\jackson-core\2.21.5\jackson-core-2.21.5.jar;C:\Users\yoges\.m2\repository\com\fasterxml\jackson\core\jackson-databind\2.21.5\jackson-databind-2.21.5.jar;C:\Users\yoges\.m2\repository\com\google\errorprone\error_prone_annotations\2.33.0\error_prone_annotations-2.33.0.jar;C:\Users\yoges\.m2\repository\io\swagger\core\v3\swagger-annotations\2.2.31\swagger-annotations-2.2.31.jar;C:\Users\yoges\.m2\repository\org\jetbrains\kotlin\kotlin-stdlib-jdk8\2.3.21\kotlin-stdlib-jdk8-2.3.21.jar;C:\Users\yoges\.m2\repository\org\jetbrains\kotlin\kotlin-stdlib-jdk7\2.3.21\kotlin-stdlib-jdk7-2.3.21.jar;C:\Users\yoges\.m2\repository\com\fasterxml\jackson\core\jackson-annotations\2.21\jackson-annotations-2.21.jar;C:\Users\yoges\.m2\repository\com\fasterxml\jackson\datatype\jackson-datatype-jdk8\2.21.5\jackson-datatype-jdk8-2.21.5.jar;C:\Users\yoges\.m2\repository\com\fasterxml\jackson\datatype\jackson-datatype-jsr310\2.21.5\jackson-datatype-jsr310-2.21.5.jar;C:\Users\yoges\.m2\repository\com\fasterxml\jackson\module\jackson-module-kotlin\2.21.5\jackson-module-kotlin-2.21.5.jar;C:\Users\yoges\.m2\repository\com\squareup\okhttp3\okhttp\4.12.0\okhttp-4.12.0.jar;C:\Users\yoges\.m2\repository\com\squareup\okio\okio\3.6.0\okio-3.6.0.jar;C:\Users\yoges\.m2\repository\com\squareup\okio\okio-jvm\3.6.0\okio-jvm-3.6.0.jar;C:\Users\yoges\.m2\repository\org\jetbrains\kotlin\kotlin-stdlib-common\1.9.10\kotlin-stdlib-common-1.9.10.jar;C:\Users\yoges\.m2\repository\io\micrometer\micrometer-core\1.17.1\micrometer-core-1.17.1.jar;C:\Users\yoges\.m2\repository\io\micrometer\micrometer-commons\1.17.1\micrometer-commons-1.17.1.jar;C:\Users\yoges\.m2\repository\org\hdrhistogram\HdrHistogram\2.2.2\HdrHistogram-2.2.2.jar;C:\Users\yoges\.m2\repository\io\micrometer\context-propagation\1.2.1\context-propagation-1.2.1.jar;C:\Users\yoges\.m2\repository\org\springframework\spring-context-support\7.0.9\spring-context-support-7.0.9.jar;C:\Users\yoges\.m2\repository\org\springframework\ai\spring-ai-client-chat\2.0.1\spring-ai-client-chat-2.0.1.jar;C:\Users\yoges\.m2\repository\com\networknt\json-schema-validator\3.0.1\json-schema-validator-3.0.1.jar;C:\Users\yoges\.m2\repository\com\ethlo\time\itu\1.14.0\itu-1.14.0.jar;C:\Users\yoges\.m2\repository\io\swagger\core\v3\swagger-annotations-jakarta\2.2.38\swagger-annotations-jakarta-2.2.38.jar;C:\Users\yoges\.m2\repository\com\github\victools\jsonschema-module-swagger-2\5.0.0\jsonschema-module-swagger-2-5.0.0.jar;C:\Users\yoges\.m2\repository\io\projectreactor\reactor-core\3.8.7\reactor-core-3.8.7.jar;C:\Users\yoges\.m2\repository\org\reactivestreams\reactive-streams\1.0.4\reactive-streams-1.0.4.jar;C:\Users\yoges\.m2\repository\org\springframework\spring-context\7.0.9\spring-context-7.0.9.jar;C:\Users\yoges\.m2\repository\com\knuddels\jtokkit\1.1.0\jtokkit-1.1.0.jar;C:\Users\yoges\.m2\repository\com\github\victools\jsonschema-generator\5.0.0\jsonschema-generator-5.0.0.jar;C:\Users\yoges\.m2\repository\com\fasterxml\classmate\1.7.3\classmate-1.7.3.jar;C:\Users\yoges\.m2\repository\tools\jackson\core\jackson-core\3.1.5\jackson-core-3.1.5.jar;C:\Users\yoges\.m2\repository\org\springframework\ai\spring-ai-autoconfigure-model-chat-client\2.0.1\spring-ai-autoconfigure-model-chat-client-2.0.1.jar;C:\Users\yoges\.m2\repository\org\springframework\ai\spring-ai-autoconfigure-model-chat-memory\2.0.1\spring-ai-autoconfigure-model-chat-memory-2.0.1.jar;C:\Users\yoges\.m2\repository\org\jetbrains\kotlin\kotlin-reflect\2.3.21\kotlin-reflect-2.3.21.jar;C:\Users\yoges\.m2\repository\org\jetbrains\kotlin\kotlin-stdlib\2.3.21\kotlin-stdlib-2.3.21.jar;C:\Users\yoges\.m2\repository\org\jetbrains\annotations\13.0\annotations-13.0.jar;C:\Users\yoges\.m2\repository\org\springframework\ai\spring-ai-starter-vector-store-pgvector\2.0.1\spring-ai-starter-vector-store-pgvector-2.0.1.jar;C:\Users\yoges\.m2\repository\org\springframework\ai\spring-ai-autoconfigure-vector-store-pgvector\2.0.1\spring-ai-autoconfigure-vector-store-pgvector-2.0.1.jar;C:\Users\yoges\.m2\repository\org\springframework\ai\spring-ai-autoconfigure-vector-store-observation\2.0.1\spring-ai-autoconfigure-vector-store-observation-2.0.1.jar;C:\Users\yoges\.m2\repository\org\springframework\ai\spring-ai-pgvector-store\2.0.1\spring-ai-pgvector-store-2.0.1.jar;C:\Users\yoges\.m2\repository\org\springframework\ai\spring-ai-vector-store\2.0.1\spring-ai-vector-store-2.0.1.jar;C:\Users\yoges\.m2\repository\com\pgvector\pgvector\0.1.6\pgvector-0.1.6.jar;C:\Users\yoges\.m2\repository\org\postgresql\postgresql\42.7.13\postgresql-42.7.13.jar;C:\Users\yoges\.m2\repository\org\checkerframework\checker-qual\3.55.1\checker-qual-3.55.1.jar;C:\Users\yoges\.m2\repository\org\projectlombok\lombok\1.18.46\lombok-1.18.46.jar;C:\Users\yoges\.m2\repository\jakarta\xml\bind\jakarta.xml.bind-api\4.0.5\jakarta.xml.bind-api-4.0.5.jar;C:\Users\yoges\.m2\repository\jakarta\activation\jakarta.activation-api\2.1.4\jakarta.activation-api-2.1.4.jar;C:\Users\yoges\.m2\repository\net\minidev\json-smart\2.6.0\json-smart-2.6.0.jar;C:\Users\yoges\.m2\repository\net\minidev\accessors-smart\2.6.0\accessors-smart-2.6.0.jar;C:\Users\yoges\.m2\repository\org\ow2\asm\asm\9.7.1\asm-9.7.1.jar;C:\Users\yoges\.m2\repository\net\bytebuddy\byte-buddy\1.18.11\byte-buddy-1.18.11.jar;C:\Users\yoges\.m2\repository\org\springframework\boot\spring-boot-web-server\4.1.1\spring-boot-web-server-4.1.1.jar
Launcher Type: SUN_STANDARD

[Global flags]
     intx CICompilerCount                          = 4                                         {product} {ergonomic}
     uint ConcGCThreads                            = 2                                         {product} {ergonomic}
     uint G1ConcRefinementThreads                  = 8                                         {product} {ergonomic}
   size_t G1HeapRegionSize                         = 1048576                                   {product} {ergonomic}
    uintx GCDrainStackTargetSize                   = 64                                        {product} {ergonomic}
   size_t InitialHeapSize                          = 132120576                                 {product} {ergonomic}
     bool ManagementServer                         = true                                      {product} {command line}
   size_t MarkStackSize                            = 4194304                                   {product} {ergonomic}
   size_t MaxHeapSize                              = 2105540608                                {product} {ergonomic}
   size_t MaxNewSize                               = 1262485504                                {product} {ergonomic}
   size_t MinHeapDeltaBytes                        = 1048576                                   {product} {ergonomic}
   size_t MinHeapSize                              = 8388608                                   {product} {ergonomic}
    uintx NonNMethodCodeHeapSize                   = 4096                                   {pd product} {ergonomic}
    uintx NonProfiledCodeHeapSize                  = 0                                      {pd product} {ergonomic}
     bool ProfileInterpreter                       = false                                  {pd product} {command line}
    uintx ProfiledCodeHeapSize                     = 0                                      {pd product} {ergonomic}
   size_t SoftMaxHeapSize                          = 2105540608                             {manageable} {ergonomic}
     intx TieredStopAtLevel                        = 1                                         {product} {command line}
     bool UseCompressedOops                        = true                           {product lp64_product} {ergonomic}
     bool UseG1GC                                  = true                                      {product} {ergonomic}
     bool UseLargePagesIndividualAllocation        = false                                  {pd product} {ergonomic}

Logging:
Log output configuration:
 #0: stdout all=warning uptime,level,tags foldmultilines=false
 #1: stderr all=off uptime,level,tags foldmultilines=false

Environment Variables:
PATH=C:\Program Files (x86)\Common Files\Oracle\Java\java8path;C:\Program Files (x86)\Common Files\Oracle\Java\javapath;C:\WINDOWS\system32;C:\WINDOWS;C:\WINDOWS\System32\Wbem;C:\WINDOWS\System32\WindowsPowerShell\v1.0\;C:\WINDOWS\System32\OpenSSH\;C:\Program Files\Git\cmd;C:\Program Files\nodejs\;C:\Program Files (x86)\Java\jdk-21.0.11\bin;C:\Program Files\dotnet\;C:\Program Files\GitExtensions\;C:\Users\yoges\AppData\Local\Programs\Python\Python312\Scripts\;C:\Users\yoges\AppData\Local\Programs\Python\Python312\;C:\Users\yoges\AppData\Local\Programs\Python\Launcher\;C:\Users\yoges\AppData\Local\Microsoft\WindowsApps;C:\Program Files (x86)\Java\jdk-21.0.11\bin;C:\MinGW\bin;C:\Users\yoges\AppData\Local\GitHubDesktop\bin;C:\Users\yoges\AppData\Local\Programs\Microsoft VS Code\bin;C:\Users\yoges\AppData\Roaming\npm;C:\Users\yoges\AppData\Local\Programs\Antigravity IDE\bin;C:\Users\yoges\AppData\Local\Programs\DockerDesktop\resources\bin;C:\Users\yoges\AppData\Local\Programs\mongosh\;;C:\Users\yoges\AppData\AndroidCLI
USERNAME=yoges
OS=Windows_NT
PROCESSOR_IDENTIFIER=Intel64 Family 6 Model 165 Stepping 2, GenuineIntel
TMP=C:\Users\yoges\AppData\Local\Temp
TEMP=C:\Users\yoges\AppData\Local\Temp




Periodic native trim disabled

---------------  S Y S T E M  ---------------

OS:
 Windows 11 , 64 bit Build 26100 (10.0.26100.9444)
OS uptime: 0 days 1:33 hours
Hyper-V role detected

CPU: total 8 (initial active 8) (4 cores per cpu, 2 threads per core) family 6 model 165 stepping 2 microcode 0xe0, cx8, cmov, fxsr, ht, mmx, 3dnowpref, sse, sse2, sse3, ssse3, sse4.1, sse4.2, popcnt, lzcnt, tsc, tscinvbit, avx, avx2, aes, erms, clmul, bmi1, bmi2, adx, fma, vzeroupper, clflush, clflushopt, hv, rdtscp, f16c
Processor Information for all 8 processors :
  Max Mhz: 2496, Current Mhz: 2496, Mhz Limit: 2496

Memory: 4k page, system-wide physical 8029M (363M free)
TotalPageFile size 23760M (AvailPageFile size 0M)
current process WorkingSet (physical memory assigned to process): 456M, peak: 456M
current process commit charge ("private bytes"): 608M, peak: 608M

vm_info: Java HotSpot(TM) 64-Bit Server VM (21.0.11+9-LTS-211) for windows-amd64 JRE (21.0.11+9-LTS-211), built on 2026-03-11T00:23:15Z by "mach5run" with MS VC++ 17.13 (VS2022)

END.
